genders,,,,,,,,,,,,,,,,,,,,,,,,,
id,name,,,,,,,,,,,,,,,,,,,,,,,,
"INT, UNSIGNED, AUTO_INCREMENT, PRIMARY KEY","VARCHAR(50), NOT NULL, UNIQUE",,,,,,,,,,,,,,,,,,,,,,,,
0,male,,,,,,,,,,,,,,,,,,,,,,,,
1,demiboy,,,,,,,,,,,,,,,,,,,,,,,,
2,female,,,,,,,,,,,,,,,,,,,,,,,,
3,demigirl,,,,,,,,,,,,,,,,,,,,,,,,
4,two-spirit,,,,,,,,,,,,,,,,,,,,,,,,
5,cisgender,,,,,,,,,,,,,,,,,,,,,,,,
6,trnasgender,,,,,,,,,,,,,,,,,,,,,,,,
7,non-binary,,,,,,,,,,,,,,,,,,,,,,,,
8,genderqueer,,,,,,,,,,,,,,,,,,,,,,,,
9,genderfluid,,,,,,,,,,,,,,,,,,,,,,,,
10,agender,,,,,,,,,,,,,,,,,,,,,,,,
11,intersex,,,,,,,,,,,,,,,,,,,,,,,,
12,androgynous,,,,,,,,,,,,,,,,,,,,,,,,
13,third gender,,,,,,,,,,,,,,,,,,,,,,,,
14,bigender,,,,,,,,,,,,,,,,,,,,,,,,
15,trigender,,,,,,,,,,,,,,,,,,,,,,,,
16,polygender,,,,,,,,,,,,,,,,,,,,,,,,
,,,,,,,,,,,,,,,,,,,,,,,,,
diplomas,,,,,,,,,,,,,,,,,,,,,,,,,
id,abbreviation,name,,,,,,,,,,,,,,,,,,,,,,,
"INT, UNSIGNED, AUTO_INCREMENT, PRIMARY KEY","VARCHAR(10), NOT NULL, UNIQUE","VARCHAR(50), NOT NULL, UNIQUE",,,,,,,,,,,,,,,,,,,,,,,
0,UHS,under high school,,,,,,,,,,,,,,,,,,,,,,,
1,HS,high school,,,,,,,,,,,,,,,,,,,,,,,
2,AA,Associate of Arts,,,,,,,,,,,,,,,,,,,,,,,
3,AS,Associate of Science,,,,,,,,,,,,,,,,,,,,,,,
4,AAS,Associate of Applied Science,,,,,,,,,,,,,,,,,,,,,,,
5,BA,Bachelor of Arts,,,,,,,,,,,,,,,,,,,,,,,
6,BS,Bachelor of Science,,,,,,,,,,,,,,,,,,,,,,,
7,BFA,Bachelor of Fine Arts,,,,,,,,,,,,,,,,,,,,,,,
8,BBA,Bachelor of Business Administration,,,,,,,,,,,,,,,,,,,,,,,
9,BSBA,Bachelor of Science in Business Admin,,,,,,,,,,,,,,,,,,,,,,,
10,BEng,Bachelor of Engineering,,,,,,,,,,,,,,,,,,,,,,,
11,BSN,Bachelor of Science in Nursing,,,,,,,,,,,,,,,,,,,,,,,
12,BEd,Bachelor of Education,,,,,,,,,,,,,,,,,,,,,,,
13,BArch,Bachelor of Architecture,,,,,,,,,,,,,,,,,,,,,,,
14,BMus,Bachelor of Music,,,,,,,,,,,,,,,,,,,,,,,
15,MA,Master of Arts,,,,,,,,,,,,,,,,,,,,,,,
16,MS,Master of Science,,,,,,,,,,,,,,,,,,,,,,,
17,MBA,Master of Business Administration,,,,,,,,,,,,,,,,,,,,,,,
18,MFA,Master of Fine Arts,,,,,,,,,,,,,,,,,,,,,,,
19,MEd,Master of Education,,,,,,,,,,,,,,,,,,,,,,,
20,MSW,Master of Social Work,,,,,,,,,,,,,,,,,,,,,,,
21,MPA,Master of Public Administration,,,,,,,,,,,,,,,,,,,,,,,
22,MPH,Master of Public Health,,,,,,,,,,,,,,,,,,,,,,,
23,MSN,Master of Science in Nursing,,,,,,,,,,,,,,,,,,,,,,,
24,MEng,Master of Engineering,,,,,,,,,,,,,,,,,,,,,,,
25,JD,Juris Doctor,,,,,,,,,,,,,,,,,,,,,,,
26,MD,Doctor of Medicine,,,,,,,,,,,,,,,,,,,,,,,
27,DO,Doctor of Osteopathic Medicine,,,,,,,,,,,,,,,,,,,,,,,
28,DVM,Doctor of Veterinary Medicine,,,,,,,,,,,,,,,,,,,,,,,
29,DDS,Doctor of Dental Surgery,,,,,,,,,,,,,,,,,,,,,,,
30,DMD,Doctor of Medicine in Dentistry,,,,,,,,,,,,,,,,,,,,,,,
31,PharmD,Doctor of Pharmacy,,,,,,,,,,,,,,,,,,,,,,,
32,DPT,Doctor of Physical Therapy,,,,,,,,,,,,,,,,,,,,,,,
33,PhD,Doctor of Philosophy,,,,,,,,,,,,,,,,,,,,,,,
34,EdD,Doctor of Education,,,,,,,,,,,,,,,,,,,,,,,
35,PsyD,Doctor of Psychology,,,,,,,,,,,,,,,,,,,,,,,
36,DS,Doctor of Science,,,,,,,,,,,,,,,,,,,,,,,
37,ThD,Doctor of Theology,,,,,,,,,,,,,,,,,,,,,,,
,,,,,,,,,,,,,,,,,,,,,,,,,
currencies,,,,,,,,,,,,,,,,,,,,,,,,,
id,abbreviation,name,,,,,,,,,,,,,,,,,,,,,,,
"INT UNSIGNED, AUTO_INCREMENT, PRIMARY KEY","VARCHAR(3), NOT NULL, UNIQUE","VARCHAR(50), NOT NULL, UNIQUE",,,,,,,,,,,,,,,,,,,,,,,
0,AED,United Arab Emirates dirham,,,,,,,,,,,,,,,,,,,,,,,
1,AFN,Afghan afghani,,,,,,,,,,,,,,,,,,,,,,,
2,ALL,Albania lek,,,,,,,,,,,,,,,,,,,,,,,
3,AMD,American dram,,,,,,,,,,,,,,,,,,,,,,,
4,AOA,Angolan kwanza,,,,,,,,,,,,,,,,,,,,,,,
5,ARS,Argentine peso,,,,,,,,,,,,,,,,,,,,,,,
6,AUD,Australian dollar,,,,,,,,,,,,,,,,,,,,,,,
7,AWG,Aruban florin,,,,,,,,,,,,,,,,,,,,,,,
8,AZN,Azerbaijani Manat,,,,,,,,,,,,,,,,,,,,,,,
9,BAM,Bosnia nad Herzegovina convertible mark,,,,,,,,,,,,,,,,,,,,,,,
10,BBD,Barbados dollar,,,,,,,,,,,,,,,,,,,,,,,
11,BDT,Bangladeshi taka,,,,,,,,,,,,,,,,,,,,,,,
12,BGN,Bulgarian lev,,,,,,,,,,,,,,,,,,,,,,,
13,BHD,Bahraini dinar,,,,,,,,,,,,,,,,,,,,,,,
14,BIF,Burundian franc,,,,,,,,,,,,,,,,,,,,,,,
15,BMD,Bermudian dollar,,,,,,,,,,,,,,,,,,,,,,,
16,BND,Brunei dollar,,,,,,,,,,,,,,,,,,,,,,,
17,BOB,Boliviano,,,,,,,,,,,,,,,,,,,,,,,
18,BRL,Brazilian real,,,,,,,,,,,,,,,,,,,,,,,
19,BSD,Bahamian dollar,,,,,,,,,,,,,,,,,,,,,,,
20,BTN,Bhutanese ngultrum,,,,,,,,,,,,,,,,,,,,,,,
21,BWP,Botswana pula,,,,,,,,,,,,,,,,,,,,,,,
22,BYN,Belarusian ruble,,,,,,,,,,,,,,,,,,,,,,,
23,BZD,Belize dollar,,,,,,,,,,,,,,,,,,,,,,,
24,CAD,Canadian dollar,,,,,,,,,,,,,,,,,,,,,,,
25,CDF,Congolese franc,,,,,,,,,,,,,,,,,,,,,,,
26,CHE,WIR euro,,,,,,,,,,,,,,,,,,,,,,,
27,CHF,Swiss franc,,,,,,,,,,,,,,,,,,,,,,,
28,CHW,WIR franc,,,,,,,,,,,,,,,,,,,,,,,
29,CLP,Chilean peso,,,,,,,,,,,,,,,,,,,,,,,
30,CNY,Chinese Yuan,,,,,,,,,,,,,,,,,,,,,,,
31,COP,Colombian peso,,,,,,,,,,,,,,,,,,,,,,,
32,CRC,Costa Rican colon,,,,,,,,,,,,,,,,,,,,,,,
33,CUP,Cuban peso,,,,,,,,,,,,,,,,,,,,,,,
34,CVE,Cape Verdean escudo,,,,,,,,,,,,,,,,,,,,,,,
35,CZK,Czech koruna,,,,,,,,,,,,,,,,,,,,,,,
36,DJF,Djiboutian franc,,,,,,,,,,,,,,,,,,,,,,,
37,DKK,Danish krone,,,,,,,,,,,,,,,,,,,,,,,
38,DOP,Dominican peso,,,,,,,,,,,,,,,,,,,,,,,
39,DZD,Algerian dinar,,,,,,,,,,,,,,,,,,,,,,,
40,EGP,Egyptian pound,,,,,,,,,,,,,,,,,,,,,,,
41,ERN,Eritrean nakfa,,,,,,,,,,,,,,,,,,,,,,,
42,ETB,Ethiopian birr,,,,,,,,,,,,,,,,,,,,,,,
43,EUR,Euro,,,,,,,,,,,,,,,,,,,,,,,
44,FJD,Fiji dollar,,,,,,,,,,,,,,,,,,,,,,,
45,FKP,Falkland Islands pound,,,,,,,,,,,,,,,,,,,,,,,
46,GBP,pound sterling,,,,,,,,,,,,,,,,,,,,,,,
47,GEL,Georgian Lari,,,,,,,,,,,,,,,,,,,,,,,
48,GHS,Ghanaian cedi,,,,,,,,,,,,,,,,,,,,,,,
49,GIP,Gibraltar pound,,,,,,,,,,,,,,,,,,,,,,,
50,GMD,Gambian dalasi,,,,,,,,,,,,,,,,,,,,,,,
51,GNF,Guinean franc,,,,,,,,,,,,,,,,,,,,,,,
52,GTQ,Guatemalan quetzal,,,,,,,,,,,,,,,,,,,,,,,
53,GYD,Guyanese dollar,,,,,,,,,,,,,,,,,,,,,,,
54,HKD,Hong Kong Dollar,,,,,,,,,,,,,,,,,,,,,,,
55,HNL,Honduran Iempira,,,,,,,,,,,,,,,,,,,,,,,
56,HTG,Haitian gourde,,,,,,,,,,,,,,,,,,,,,,,
57,HUF,Hungarian forint,,,,,,,,,,,,,,,,,,,,,,,
58,IDR,Indonesian rupiah,,,,,,,,,,,,,,,,,,,,,,,
59,ILS,Israeli new shekel,,,,,,,,,,,,,,,,,,,,,,,
60,INR,Indian rupee,,,,,,,,,,,,,,,,,,,,,,,
61,IQD,Iraqi dinar,,,,,,,,,,,,,,,,,,,,,,,
62,IRR,Iranian rial,,,,,,,,,,,,,,,,,,,,,,,
63,ISK,Icelandic króna,,,,,,,,,,,,,,,,,,,,,,,
64,JMD,Jamaican dollar,,,,,,,,,,,,,,,,,,,,,,,
65,JOD,Jordanian dinar,,,,,,,,,,,,,,,,,,,,,,,
66,JPY,Japanese yen,,,,,,,,,,,,,,,,,,,,,,,
67,KES,Kenyan shilling,,,,,,,,,,,,,,,,,,,,,,,
68,KGS,Kyrgyzstani som,,,,,,,,,,,,,,,,,,,,,,,
69,KHR,Cambodian riel,,,,,,,,,,,,,,,,,,,,,,,
70,KMF,Comoro franc,,,,,,,,,,,,,,,,,,,,,,,
71,KPW,North Korean won,,,,,,,,,,,,,,,,,,,,,,,
72,KRW,South Korean won,,,,,,,,,,,,,,,,,,,,,,,
73,KWD,Kuwaiti dinar,,,,,,,,,,,,,,,,,,,,,,,
74,KYD,Cayman Islands dollar,,,,,,,,,,,,,,,,,,,,,,,
75,KZT,Kazakhstani tenge,,,,,,,,,,,,,,,,,,,,,,,
76,LAK,Lao kip,,,,,,,,,,,,,,,,,,,,,,,
77,LBP,Lebanese pound,,,,,,,,,,,,,,,,,,,,,,,
78,LKR,Sri Lankan rupee,,,,,,,,,,,,,,,,,,,,,,,
79,LRD,Liberian dollar,,,,,,,,,,,,,,,,,,,,,,,
80,LSL,Lesotho loti,,,,,,,,,,,,,,,,,,,,,,,
81,LYD,Libyan dinar,,,,,,,,,,,,,,,,,,,,,,,
82,MAD,Moroccan dirham,,,,,,,,,,,,,,,,,,,,,,,
83,MDL,Moldovan leu,,,,,,,,,,,,,,,,,,,,,,,
84,MGA,Malagasy ariary,,,,,,,,,,,,,,,,,,,,,,,
85,MKD,Macedonian denar,,,,,,,,,,,,,,,,,,,,,,,
86,MMK,Myanmar kyat,,,,,,,,,,,,,,,,,,,,,,,
87,MNT,Mongolian tögrög,,,,,,,,,,,,,,,,,,,,,,,
88,MOP,Macanese pataca,,,,,,,,,,,,,,,,,,,,,,,
89,MRU,Mauritanian ouguiya,,,,,,,,,,,,,,,,,,,,,,,
90,MUR,Mauritian rupee,,,,,,,,,,,,,,,,,,,,,,,
91,MVR,Maldivian rufiyaa,,,,,,,,,,,,,,,,,,,,,,,
92,MWK,Malawian kwacha,,,,,,,,,,,,,,,,,,,,,,,
93,MXN,Mexican peso,,,,,,,,,,,,,,,,,,,,,,,
94,MYR,Malaysian ringgit,,,,,,,,,,,,,,,,,,,,,,,
95,MZN,Mozambican metical,,,,,,,,,,,,,,,,,,,,,,,
96,NAD,Namibian dollar,,,,,,,,,,,,,,,,,,,,,,,
97,NGN,Nigerian naira,,,,,,,,,,,,,,,,,,,,,,,
98,NIO,Nicaraguan córdoba,,,,,,,,,,,,,,,,,,,,,,,
99,NOK,Norwegian krone,,,,,,,,,,,,,,,,,,,,,,,
100,NPR,Nepalese rupee,,,,,,,,,,,,,,,,,,,,,,,
101,NZD,New Zealand dollar,,,,,,,,,,,,,,,,,,,,,,,
102,OMR,Omani rial,,,,,,,,,,,,,,,,,,,,,,,
103,PAB,Panamanian balboa,,,,,,,,,,,,,,,,,,,,,,,
104,PEN,Peruvian sol,,,,,,,,,,,,,,,,,,,,,,,
105,PHK,Papua New Guinean kina,,,,,,,,,,,,,,,,,,,,,,,
106,PHP,Philippine peso,,,,,,,,,,,,,,,,,,,,,,,
107,PKR,Pakistani rupee,,,,,,,,,,,,,,,,,,,,,,,
108,PLN,Polish złoty,,,,,,,,,,,,,,,,,,,,,,,
109,PYG,Paraguayan guaraní,,,,,,,,,,,,,,,,,,,,,,,
110,QAR,Qatari riyal,,,,,,,,,,,,,,,,,,,,,,,
111,RON,Romanian leu,,,,,,,,,,,,,,,,,,,,,,,
112,RSD,Serbian dinar,,,,,,,,,,,,,,,,,,,,,,,
113,RUB,Russian ruble,,,,,,,,,,,,,,,,,,,,,,,
114,RWF,Rwandan franc,,,,,,,,,,,,,,,,,,,,,,,
115,SAR,Saudi riyal,,,,,,,,,,,,,,,,,,,,,,,
116,SBD,Solomon Islands dollar,,,,,,,,,,,,,,,,,,,,,,,
117,SCR,Seychelles rupee,,,,,,,,,,,,,,,,,,,,,,,
118,SDG,Sudanese pound,,,,,,,,,,,,,,,,,,,,,,,
119,SEK,Swedish krona,,,,,,,,,,,,,,,,,,,,,,,
120,SGD,Singapore dollar,,,,,,,,,,,,,,,,,,,,,,,
121,SHP,Saint Helena pound,,,,,,,,,,,,,,,,,,,,,,,
122,SLE,Sierra Leonean leone,,,,,,,,,,,,,,,,,,,,,,,
123,SOS,Somalian shilling,,,,,,,,,,,,,,,,,,,,,,,
124,SRD,Surinamese dollar,,,,,,,,,,,,,,,,,,,,,,,
125,SSP,South Sudanese pound,,,,,,,,,,,,,,,,,,,,,,,
126,STN,São Tomé and Príncipe dobra,,,,,,,,,,,,,,,,,,,,,,,
127,SVC,Salvadoran colón,,,,,,,,,,,,,,,,,,,,,,,
128,SYP,Syrian pound,,,,,,,,,,,,,,,,,,,,,,,
129,SZL,Swazi lilangeni,,,,,,,,,,,,,,,,,,,,,,,
130,THB,Thai baht,,,,,,,,,,,,,,,,,,,,,,,
131,TJS,Tajikistani somoni,,,,,,,,,,,,,,,,,,,,,,,
132,TMT,Turkmenistan manat,,,,,,,,,,,,,,,,,,,,,,,
133,TND,Tunisian dinar,,,,,,,,,,,,,,,,,,,,,,,
134,TOP,Tongan paʻanga,,,,,,,,,,,,,,,,,,,,,,,
135,TRY,Turkish lira,,,,,,,,,,,,,,,,,,,,,,,
136,TTD,Trinidad and Tobago dollar,,,,,,,,,,,,,,,,,,,,,,,
137,TWD,New Taiwan dollar,,,,,,,,,,,,,,,,,,,,,,,
138,TZS,Tanzanian shilling,,,,,,,,,,,,,,,,,,,,,,,
139,UAH,Ukrainian hryvnia,,,,,,,,,,,,,,,,,,,,,,,
140,UGX,Ugandan shilling,,,,,,,,,,,,,,,,,,,,,,,
141,USD,United States dollar,,,,,,,,,,,,,,,,,,,,,,,
142,UYU,Uruguayan peso,,,,,,,,,,,,,,,,,,,,,,,
143,UYW,Unidad previsional,,,,,,,,,,,,,,,,,,,,,,,
144,UZS,Uzbekistani sum,,,,,,,,,,,,,,,,,,,,,,,
145,VED,Venezuelan digital bolívar,,,,,,,,,,,,,,,,,,,,,,,
146,VES,Venezuelan sovereign bolívar,,,,,,,,,,,,,,,,,,,,,,,
147,VND,Vietnamese đồng,,,,,,,,,,,,,,,,,,,,,,,
148,VUV,Vanuatu vatu,,,,,,,,,,,,,,,,,,,,,,,
149,WST,Samoan tala,,,,,,,,,,,,,,,,,,,,,,,
150,XAD,Arab Accounting Dinar,,,,,,,,,,,,,,,,,,,,,,,
151,XAF,CFA franc BEAC,,,,,,,,,,,,,,,,,,,,,,,
152,XCD,East Caribbean dollar,,,,,,,,,,,,,,,,,,,,,,,
153,XCG,Caribbean guilder,,,,,,,,,,,,,,,,,,,,,,,
154,XDR,Special drawing rights,,,,,,,,,,,,,,,,,,,,,,,
155,XOF,CFA franc BCEAO,,,,,,,,,,,,,,,,,,,,,,,
156,XPF,CFP franc,,,,,,,,,,,,,,,,,,,,,,,
157,XPT,Platinum,,,,,,,,,,,,,,,,,,,,,,,
158,XSU,SUCRE,,,,,,,,,,,,,,,,,,,,,,,
159,XUA,ADB Unit of Account,,,,,,,,,,,,,,,,,,,,,,,
160,YER,Yemeni rial,,,,,,,,,,,,,,,,,,,,,,,
161,ZAR,South African rand,,,,,,,,,,,,,,,,,,,,,,,
162,ZMW,Zambian kwacha,,,,,,,,,,,,,,,,,,,,,,,
163,ZWG,Zimbabwe Gold,,,,,,,,,,,,,,,,,,,,,,,
,,,,,,,,,,,,,,,,,,,,,,,,,
nationalities,,,,,,,,,,,,,,,,,,,,,,,,,
id,abbreviation,name,,,,,,,,,,,,,,,,,,,,,,,
"INT UNSIGNED, AUTO_INCREMENT, PRIMARY KEY","VARCHAR(3), NOT NULL, UNIQUE","VARCHAR(50), NOT NULL, UNIQUE",,,,,,,,,,,,,,,,,,,,,,,
0,ABW,Aruba,,,,,,,,,,,,,,,,,,,,,,,
1,AFG,Afghanistan,,,,,,,,,,,,,,,,,,,,,,,
2,AGO,Angola,,,,,,,,,,,,,,,,,,,,,,,
3,AIA,Anguilla,,,,,,,,,,,,,,,,,,,,,,,
4,ALA,Åland Islands,,,,,,,,,,,,,,,,,,,,,,,
5,ALB,Albania,,,,,,,,,,,,,,,,,,,,,,,
6,AND,Andorra,,,,,,,,,,,,,,,,,,,,,,,
7,ARE,United Arab Emirates,,,,,,,,,,,,,,,,,,,,,,,
8,ARG,Argentina,,,,,,,,,,,,,,,,,,,,,,,
9,ARM,Armenia,,,,,,,,,,,,,,,,,,,,,,,
10,ASM,American Samoa,,,,,,,,,,,,,,,,,,,,,,,
11,ATA,Antarctica,,,,,,,,,,,,,,,,,,,,,,,
12,ATF,French Southern Territories,,,,,,,,,,,,,,,,,,,,,,,
13,ATG,Antigua and Barbuda,,,,,,,,,,,,,,,,,,,,,,,
14,AUS,Australia,,,,,,,,,,,,,,,,,,,,,,,
15,AUT,Austria,,,,,,,,,,,,,,,,,,,,,,,
16,AZE,Azerbaijan,,,,,,,,,,,,,,,,,,,,,,,
17,BDI,Burundi,,,,,,,,,,,,,,,,,,,,,,,
18,BEL,Belgium,,,,,,,,,,,,,,,,,,,,,,,
19,BEN,Benin,,,,,,,,,,,,,,,,,,,,,,,
20,BES,"Bonaire, Sint Eustatius and Saba",,,,,,,,,,,,,,,,,,,,,,,
21,BFA,Burkina Faso,,,,,,,,,,,,,,,,,,,,,,,
22,BGD,Bangladesh,,,,,,,,,,,,,,,,,,,,,,,
23,BGR,Bulgaria,,,,,,,,,,,,,,,,,,,,,,,
24,BHR,Bahrain,,,,,,,,,,,,,,,,,,,,,,,
25,BHS,Bahamas,,,,,,,,,,,,,,,,,,,,,,,
26,BIH,Bosnia and Herzegovina,,,,,,,,,,,,,,,,,,,,,,,
27,BLM,Saint Barthélemy,,,,,,,,,,,,,,,,,,,,,,,
28,BLR,Belarus,,,,,,,,,,,,,,,,,,,,,,,
29,BLZ,Belize,,,,,,,,,,,,,,,,,,,,,,,
30,BMU,Bermuda,,,,,,,,,,,,,,,,,,,,,,,
31,BOL,"Bolivia, Plurinational State of",,,,,,,,,,,,,,,,,,,,,,,
32,BRA,Brazil,,,,,,,,,,,,,,,,,,,,,,,
33,BRB,Barbados,,,,,,,,,,,,,,,,,,,,,,,
34,BRN,Brunei Darussalam,,,,,,,,,,,,,,,,,,,,,,,
35,BTN,Bhutan,,,,,,,,,,,,,,,,,,,,,,,
36,BVT,Bouvet Island,,,,,,,,,,,,,,,,,,,,,,,
37,BWA,Botswana,,,,,,,,,,,,,,,,,,,,,,,
38,CAF,Central African Republic,,,,,,,,,,,,,,,,,,,,,,,
39,CAN,Canada,,,,,,,,,,,,,,,,,,,,,,,
40,CCK,Cocos (Keeling) Islands,,,,,,,,,,,,,,,,,,,,,,,
41,CHE,Switzerland,,,,,,,,,,,,,,,,,,,,,,,
42,CHL,Chile,,,,,,,,,,,,,,,,,,,,,,,
43,CHN,China,,,,,,,,,,,,,,,,,,,,,,,
44,CIV,Côte d'Ivoire,,,,,,,,,,,,,,,,,,,,,,,
45,CMR,Cameroon,,,,,,,,,,,,,,,,,,,,,,,
46,COD,"Congo, Democratic Republic of the",,,,,,,,,,,,,,,,,,,,,,,
47,COG,Congo,,,,,,,,,,,,,,,,,,,,,,,
48,COK,Cook Islands,,,,,,,,,,,,,,,,,,,,,,,
49,COL,Colombia,,,,,,,,,,,,,,,,,,,,,,,
50,COM,Comoros,,,,,,,,,,,,,,,,,,,,,,,
51,CPV,Cabo Verde,,,,,,,,,,,,,,,,,,,,,,,
52,CRI,Costa Rica,,,,,,,,,,,,,,,,,,,,,,,
53,CUB,Cuba,,,,,,,,,,,,,,,,,,,,,,,
54,CUW,Curaçao,,,,,,,,,,,,,,,,,,,,,,,
55,CXR,Christmas Island,,,,,,,,,,,,,,,,,,,,,,,
56,CYM,Cayman Islands,,,,,,,,,,,,,,,,,,,,,,,
57,CYP,Cyprus,,,,,,,,,,,,,,,,,,,,,,,
58,CZE,Czechia,,,,,,,,,,,,,,,,,,,,,,,
59,DEU,Germany,,,,,,,,,,,,,,,,,,,,,,,
60,DJI,Djibouti,,,,,,,,,,,,,,,,,,,,,,,
61,DMA,Dominica,,,,,,,,,,,,,,,,,,,,,,,
62,DNK,Denmark,,,,,,,,,,,,,,,,,,,,,,,
63,DOM,Dominican Republic,,,,,,,,,,,,,,,,,,,,,,,
64,DZA,Algeria,,,,,,,,,,,,,,,,,,,,,,,
65,ECU,Ecuador,,,,,,,,,,,,,,,,,,,,,,,
66,EGY,Egypt,,,,,,,,,,,,,,,,,,,,,,,
67,ERI,Eritrea,,,,,,,,,,,,,,,,,,,,,,,
68,ESH,Western Sahara,,,,,,,,,,,,,,,,,,,,,,,
69,ESP,Spain,,,,,,,,,,,,,,,,,,,,,,,
70,EST,Estonia,,,,,,,,,,,,,,,,,,,,,,,
71,ETH,Ethiopia,,,,,,,,,,,,,,,,,,,,,,,
72,FIN,Finland,,,,,,,,,,,,,,,,,,,,,,,
73,FJI,Fiji,,,,,,,,,,,,,,,,,,,,,,,
74,FLK,Falkland Islands (Malvinas),,,,,,,,,,,,,,,,,,,,,,,
75,FRA,France,,,,,,,,,,,,,,,,,,,,,,,
76,FRO,Faroe Islands,,,,,,,,,,,,,,,,,,,,,,,
77,FSM,"Micronesia, Federated States of",,,,,,,,,,,,,,,,,,,,,,,
78,GAB,Gabon,,,,,,,,,,,,,,,,,,,,,,,
79,GBR,United Kingdom of Great Britain and Northern Ireland,,,,,,,,,,,,,,,,,,,,,,,
80,GEO,Georgia,,,,,,,,,,,,,,,,,,,,,,,
81,GGY,Guernsey,,,,,,,,,,,,,,,,,,,,,,,
82,GHA,Ghana,,,,,,,,,,,,,,,,,,,,,,,
83,GIB,Gibraltar,,,,,,,,,,,,,,,,,,,,,,,
84,GIN,Guinea,,,,,,,,,,,,,,,,,,,,,,,
85,GLP,Guadeloupe,,,,,,,,,,,,,,,,,,,,,,,
86,GMB,Gambia,,,,,,,,,,,,,,,,,,,,,,,
87,GNB,Guinea-Bissau,,,,,,,,,,,,,,,,,,,,,,,
88,GNQ,Equatorial Guinea,,,,,,,,,,,,,,,,,,,,,,,
89,GRC,Greece,,,,,,,,,,,,,,,,,,,,,,,
90,GRD,Grenada,,,,,,,,,,,,,,,,,,,,,,,
91,GRL,Greenland,,,,,,,,,,,,,,,,,,,,,,,
92,GTM,Guatemala,,,,,,,,,,,,,,,,,,,,,,,
93,GUF,French Guiana,,,,,,,,,,,,,,,,,,,,,,,
94,GUM,Guam,,,,,,,,,,,,,,,,,,,,,,,
95,GUY,Guyana,,,,,,,,,,,,,,,,,,,,,,,
96,HKG,Hong Kong,,,,,,,,,,,,,,,,,,,,,,,
97,HMD,Heard Island and McDonald Islands,,,,,,,,,,,,,,,,,,,,,,,
98,HND,Honduras,,,,,,,,,,,,,,,,,,,,,,,
99,HRV,Croatia,,,,,,,,,,,,,,,,,,,,,,,
100,HTI,Haiti,,,,,,,,,,,,,,,,,,,,,,,
101,HUN,Hungary,,,,,,,,,,,,,,,,,,,,,,,
102,IDN,Indonesia,,,,,,,,,,,,,,,,,,,,,,,
103,IMN,Isle of Man,,,,,,,,,,,,,,,,,,,,,,,
104,IND,India,,,,,,,,,,,,,,,,,,,,,,,
105,IOT,British Indian Ocean Territory,,,,,,,,,,,,,,,,,,,,,,,
106,IRL,Ireland,,,,,,,,,,,,,,,,,,,,,,,
107,IRN,"Iran, Islamic Republic of",,,,,,,,,,,,,,,,,,,,,,,
108,IRQ,Iraq,,,,,,,,,,,,,,,,,,,,,,,
109,ISL,Iceland,,,,,,,,,,,,,,,,,,,,,,,
110,ISR,Israel,,,,,,,,,,,,,,,,,,,,,,,
111,ITA,Italy,,,,,,,,,,,,,,,,,,,,,,,
112,JAM,Jamaica,,,,,,,,,,,,,,,,,,,,,,,
113,JEY,Jersey,,,,,,,,,,,,,,,,,,,,,,,
114,JOR,Jordan,,,,,,,,,,,,,,,,,,,,,,,
115,JPN,Japan,,,,,,,,,,,,,,,,,,,,,,,
116,KAZ,Kazakhstan,,,,,,,,,,,,,,,,,,,,,,,
117,KEN,Kenya,,,,,,,,,,,,,,,,,,,,,,,
118,KGZ,Kyrgyzstan,,,,,,,,,,,,,,,,,,,,,,,
119,KHM,Cambodia,,,,,,,,,,,,,,,,,,,,,,,
120,KIR,Kiribati,,,,,,,,,,,,,,,,,,,,,,,
121,KNA,Saint Kitts and Nevis,,,,,,,,,,,,,,,,,,,,,,,
122,KOR,"Korea, Republic of",,,,,,,,,,,,,,,,,,,,,,,
123,KWT,Kuwait,,,,,,,,,,,,,,,,,,,,,,,
124,LAO,Lao People's Democratic Republic,,,,,,,,,,,,,,,,,,,,,,,
125,LBN,Lebanon,,,,,,,,,,,,,,,,,,,,,,,
126,LBR,Liberia,,,,,,,,,,,,,,,,,,,,,,,
127,LBY,Libya,,,,,,,,,,,,,,,,,,,,,,,
128,LCA,Saint Lucia,,,,,,,,,,,,,,,,,,,,,,,
129,LIE,Liechtenstein,,,,,,,,,,,,,,,,,,,,,,,
130,LKA,Sri Lanka,,,,,,,,,,,,,,,,,,,,,,,
131,LSO,Lesotho,,,,,,,,,,,,,,,,,,,,,,,
132,LTU,Lithuania,,,,,,,,,,,,,,,,,,,,,,,
133,LUX,Luxembourg,,,,,,,,,,,,,,,,,,,,,,,
134,LVA,Latvia,,,,,,,,,,,,,,,,,,,,,,,
135,MAC,Macao,,,,,,,,,,,,,,,,,,,,,,,
136,MAF,Saint Martin (French part),,,,,,,,,,,,,,,,,,,,,,,
137,MAR,Morocco,,,,,,,,,,,,,,,,,,,,,,,
138,MCO,Monaco,,,,,,,,,,,,,,,,,,,,,,,
139,MDA,"Moldova, Republic of",,,,,,,,,,,,,,,,,,,,,,,
140,MDG,Madagascar,,,,,,,,,,,,,,,,,,,,,,,
141,MDV,Maldives,,,,,,,,,,,,,,,,,,,,,,,
142,MEX,Mexico,,,,,,,,,,,,,,,,,,,,,,,
143,MHL,Marshall Islands,,,,,,,,,,,,,,,,,,,,,,,
144,MKD,North Macedonia,,,,,,,,,,,,,,,,,,,,,,,
145,MLI,Mali,,,,,,,,,,,,,,,,,,,,,,,
146,MLT,Malta,,,,,,,,,,,,,,,,,,,,,,,
147,MMR,Myanmar,,,,,,,,,,,,,,,,,,,,,,,
148,MNE,Montenegro,,,,,,,,,,,,,,,,,,,,,,,
149,MNG,Mongolia,,,,,,,,,,,,,,,,,,,,,,,
150,MNP,Northern Mariana Islands,,,,,,,,,,,,,,,,,,,,,,,
151,MOZ,Mozambique,,,,,,,,,,,,,,,,,,,,,,,
152,MRT,Mauritania,,,,,,,,,,,,,,,,,,,,,,,
153,MSR,Montserrat,,,,,,,,,,,,,,,,,,,,,,,
154,MTQ,Martinique,,,,,,,,,,,,,,,,,,,,,,,
155,MUS,Mauritius,,,,,,,,,,,,,,,,,,,,,,,
156,MWI,Malawi,,,,,,,,,,,,,,,,,,,,,,,
157,MYS,Malaysia,,,,,,,,,,,,,,,,,,,,,,,
158,MYT,Mayotte,,,,,,,,,,,,,,,,,,,,,,,
159,NAM,Namibia,,,,,,,,,,,,,,,,,,,,,,,
160,NCL,New Caledonia,,,,,,,,,,,,,,,,,,,,,,,
161,NER,Niger,,,,,,,,,,,,,,,,,,,,,,,
162,NFK,Norfolk Island,,,,,,,,,,,,,,,,,,,,,,,
163,NGA,Nigeria,,,,,,,,,,,,,,,,,,,,,,,
164,NIC,Nicaragua,,,,,,,,,,,,,,,,,,,,,,,
165,NIU,Niue,,,,,,,,,,,,,,,,,,,,,,,
166,NLD,"Netherlands, Kingdom of the",,,,,,,,,,,,,,,,,,,,,,,
167,NOR,Norway,,,,,,,,,,,,,,,,,,,,,,,
168,NPL,Nepal,,,,,,,,,,,,,,,,,,,,,,,
169,NRU,Nauru,,,,,,,,,,,,,,,,,,,,,,,
170,NZL,New Zealand,,,,,,,,,,,,,,,,,,,,,,,
171,OMN,Oman,,,,,,,,,,,,,,,,,,,,,,,
172,PAK,Pakistan,,,,,,,,,,,,,,,,,,,,,,,
173,PAN,Panama,,,,,,,,,,,,,,,,,,,,,,,
174,PCN,Pitcairn,,,,,,,,,,,,,,,,,,,,,,,
175,PER,Peru,,,,,,,,,,,,,,,,,,,,,,,
176,PHL,Philippines,,,,,,,,,,,,,,,,,,,,,,,
177,PLW,Palau,,,,,,,,,,,,,,,,,,,,,,,
178,PNG,Papua New Guinea,,,,,,,,,,,,,,,,,,,,,,,
179,POL,Poland,,,,,,,,,,,,,,,,,,,,,,,
180,PRI,Puerto Rico,,,,,,,,,,,,,,,,,,,,,,,
181,PRK,"Korea, Democratic People's Republic of",,,,,,,,,,,,,,,,,,,,,,,
182,PRT,Portugal,,,,,,,,,,,,,,,,,,,,,,,
183,PRY,Paraguay,,,,,,,,,,,,,,,,,,,,,,,
184,PSE,"Palestine, State of",,,,,,,,,,,,,,,,,,,,,,,
185,PYF,French Polynesia,,,,,,,,,,,,,,,,,,,,,,,
186,QAT,Qatar,,,,,,,,,,,,,,,,,,,,,,,
187,REU,Réunion,,,,,,,,,,,,,,,,,,,,,,,
188,ROU,Romania,,,,,,,,,,,,,,,,,,,,,,,
189,RUS,Russian Federation,,,,,,,,,,,,,,,,,,,,,,,
190,RWA,Rwanda,,,,,,,,,,,,,,,,,,,,,,,
191,SAU,Saudi Arabia,,,,,,,,,,,,,,,,,,,,,,,
192,SDN,Sudan,,,,,,,,,,,,,,,,,,,,,,,
193,SEN,Senegal,,,,,,,,,,,,,,,,,,,,,,,
194,SGP,Singapore,,,,,,,,,,,,,,,,,,,,,,,
195,SGS,South Georgia and the South Sandwich Islands,,,,,,,,,,,,,,,,,,,,,,,
196,SHN,"Saint Helena, Ascension and Tristan da Cunha",,,,,,,,,,,,,,,,,,,,,,,
197,SJM,Svalbard and Jan Mayen,,,,,,,,,,,,,,,,,,,,,,,
198,SLB,Solomon Islands,,,,,,,,,,,,,,,,,,,,,,,
199,SLE,Sierra Leone,,,,,,,,,,,,,,,,,,,,,,,
200,SLV,El Salvador,,,,,,,,,,,,,,,,,,,,,,,
201,SMR,San Marino,,,,,,,,,,,,,,,,,,,,,,,
202,SOM,Somalia,,,,,,,,,,,,,,,,,,,,,,,
203,SPM,Saint Pierre and Miquelon,,,,,,,,,,,,,,,,,,,,,,,
204,SRB,Serbia,,,,,,,,,,,,,,,,,,,,,,,
205,SSD,South Sudan,,,,,,,,,,,,,,,,,,,,,,,
206,STP,Sao Tome and Principe,,,,,,,,,,,,,,,,,,,,,,,
207,SUR,Suriname,,,,,,,,,,,,,,,,,,,,,,,
208,SVK,Slovakia,,,,,,,,,,,,,,,,,,,,,,,
209,SVN,Slovenia,,,,,,,,,,,,,,,,,,,,,,,
210,SWE,Sweden,,,,,,,,,,,,,,,,,,,,,,,
211,SWZ,Eswatini,,,,,,,,,,,,,,,,,,,,,,,
212,SXM,Sint Maarten (Dutch part),,,,,,,,,,,,,,,,,,,,,,,
213,SYC,Seychelles,,,,,,,,,,,,,,,,,,,,,,,
214,SYR,Syrian Arab Republic,,,,,,,,,,,,,,,,,,,,,,,
215,TCA,Turks and Caicos Islands,,,,,,,,,,,,,,,,,,,,,,,
216,TCD,Chad,,,,,,,,,,,,,,,,,,,,,,,
217,TGO,Togo,,,,,,,,,,,,,,,,,,,,,,,
218,THA,Thailand,,,,,,,,,,,,,,,,,,,,,,,
219,TJK,Tajikistan,,,,,,,,,,,,,,,,,,,,,,,
220,TKL,Tokelau,,,,,,,,,,,,,,,,,,,,,,,
221,TKM,Turkmenistan,,,,,,,,,,,,,,,,,,,,,,,
222,TLS,Timor-Leste,,,,,,,,,,,,,,,,,,,,,,,
223,TON,Tonga,,,,,,,,,,,,,,,,,,,,,,,
224,TTO,Trinidad and Tobago,,,,,,,,,,,,,,,,,,,,,,,
225,TUN,Tunisia,,,,,,,,,,,,,,,,,,,,,,,
226,TUR,Türkiye,,,,,,,,,,,,,,,,,,,,,,,
227,TUV,Tuvalu,,,,,,,,,,,,,,,,,,,,,,,
228,TWN,"Taiwan, Province of China",,,,,,,,,,,,,,,,,,,,,,,
229,TZA,"Tanzania, United Republic of",,,,,,,,,,,,,,,,,,,,,,,
230,UGA,Uganda,,,,,,,,,,,,,,,,,,,,,,,
231,UKR,Ukraine,,,,,,,,,,,,,,,,,,,,,,,
232,UMI,United States Minor Outlying Islands,,,,,,,,,,,,,,,,,,,,,,,
233,URY,Uruguay,,,,,,,,,,,,,,,,,,,,,,,
234,USA,United States of America,,,,,,,,,,,,,,,,,,,,,,,
235,UZB,Uzbekistan,,,,,,,,,,,,,,,,,,,,,,,
236,VAT,Holy See,,,,,,,,,,,,,,,,,,,,,,,
237,VCT,Saint Vincent and the Grenadines,,,,,,,,,,,,,,,,,,,,,,,
238,VEN,"Venezuela, Bolivarian Republic of",,,,,,,,,,,,,,,,,,,,,,,
239,VGB,Virgin Islands (British),,,,,,,,,,,,,,,,,,,,,,,
240,VIR,Virgin Islands (U.S.),,,,,,,,,,,,,,,,,,,,,,,
241,VNM,Viet Nam,,,,,,,,,,,,,,,,,,,,,,,
242,VUT,Vanuatu,,,,,,,,,,,,,,,,,,,,,,,
243,WLF,Wallis and Futuna,,,,,,,,,,,,,,,,,,,,,,,
244,WSM,Samoa,,,,,,,,,,,,,,,,,,,,,,,
245,YEM,Yemen,,,,,,,,,,,,,,,,,,,,,,,
246,ZAF,South Africa,,,,,,,,,,,,,,,,,,,,,,,
247,ZMB,Zambia,,,,,,,,,,,,,,,,,,,,,,,
248,ZWE,Zimbabwe,,,,,,,,,,,,,,,,,,,,,,,
,,,,,,,,,,,,,,,,,,,,,,,,,
languages,,,,,,,,,,,,,,,,,,,,,,,,,
id,abbreviation,name,,,,,,,,,,,,,,,,,,,,,,,
"INT UNSIGNED, AUTO_INCREMENT, PRIMARY KEY","VARCHAR(3), NOT NULL, UNIQUE","VARCHAR(50), NOT NULL, UNIQUE",,,,,,,,,,,,,,,,,,,,,,,
0,ar_SA,Arabic (Saudi Arabia),,,,,,,,,,,,,,,,,,,,,,,
1,bn_BD,Bangla (Bangladesh),,,,,,,,,,,,,,,,,,,,,,,
2,bn_IN,Bangla (India),,,,,,,,,,,,,,,,,,,,,,,
3,cs_CZ,Czech (Czech Republic),,,,,,,,,,,,,,,,,,,,,,,
4,da_DK,Danish (Denmark),,,,,,,,,,,,,,,,,,,,,,,
5,de_AT,Austrian German,,,,,,,,,,,,,,,,,,,,,,,
6,de_CH,"""Swiss"" German",,,,,,,,,,,,,,,,,,,,,,,
7,de_DE,Standard German (as spoken in Germany),,,,,,,,,,,,,,,,,,,,,,,
8,el_GR,Modern Greek,,,,,,,,,,,,,,,,,,,,,,,
9,en_AU,Australian English,,,,,,,,,,,,,,,,,,,,,,,
10,en_CA,Canadian English,,,,,,,,,,,,,,,,,,,,,,,
11,en_GB,Kingdom British English,,,,,,,,,,,,,,,,,,,,,,,
12,en_IE,Irish English,,,,,,,,,,,,,,,,,,,,,,,
13,en_IN,Indian English,,,,,,,,,,,,,,,,,,,,,,,
14,en_NZ,Zealand New Zealand English,,,,,,,,,,,,,,,,,,,,,,,
15,en_US,States US English,,,,,,,,,,,,,,,,,,,,,,,
16,en_ZA,English (South Africa),,,,,,,,,,,,,,,,,,,,,,,
17,es_AR,Argentine Spanish,,,,,,,,,,,,,,,,,,,,,,,
18,es_CL,Chilean Spanish,,,,,,,,,,,,,,,,,,,,,,,
19,es_CO,Colombian Spanish,,,,,,,,,,,,,,,,,,,,,,,
20,es_ES,Castilian Spanish (as spoken in Central_Northern Spain),,,,,,,,,,,,,,,,,,,,,,,
21,es_MX,Mexican Spanish,,,,,,,,,,,,,,,,,,,,,,,
22,es_US,American Spanish,,,,,,,,,,,,,,,,,,,,,,,
23,fi_FI,Finnish (Finland),,,,,,,,,,,,,,,,,,,,,,,
24,fr_BE,Belgian French,,,,,,,,,,,,,,,,,,,,,,,
25,fr_CA,Canadian French,,,,,,,,,,,,,,,,,,,,,,,
26,fr_CH,"""Swiss"" French",,,,,,,,,,,,,,,,,,,,,,,
27,fr_FR,Standard French (especially in France),,,,,,,,,,,,,,,,,,,,,,,
28,he_IL,Hebrew (Israel),,,,,,,,,,,,,,,,,,,,,,,
29,hi_IN,Hindi (India),,,,,,,,,,,,,,,,,,,,,,,
30,hu_HU,Hungarian (Hungary),,,,,,,,,,,,,,,,,,,,,,,
31,id_ID,Indonesian (Indonesia),,,,,,,,,,,,,,,,,,,,,,,
32,it_CH,"""Swiss"" Italian",,,,,,,,,,,,,,,,,,,,,,,
33,it_IT,Standard Italian (as spoken in Italy),,,,,,,,,,,,,,,,,,,,,,,
34,ja_JP,Japanese (Japan),,,,,,,,,,,,,,,,,,,,,,,
35,ko_KR,Korean (Republic of Korea),,,,,,,,,,,,,,,,,,,,,,,
36,nl_BE,Belgian Dutch,,,,,,,,,,,,,,,,,,,,,,,
37,nl_NL,Standard Dutch (as spoken in The Netherlands),,,,,,,,,,,,,,,,,,,,,,,
38,no_NO,Norwegian (Norway),,,,,,,,,,,,,,,,,,,,,,,
39,pl_PL,Polish (Poland),,,,,,,,,,,,,,,,,,,,,,,
40,pt_BR,Brazilian Portuguese,,,,,,,,,,,,,,,,,,,,,,,
41,pt_PT,European Portuguese (as written and spoken in Portugal),,,,,,,,,,,,,,,,,,,,,,,
42,ro_RO,Romanian (Romania),,,,,,,,,,,,,,,,,,,,,,,
43,ru_RU,Russian (Russian Federation),,,,,,,,,,,,,,,,,,,,,,,
44,sk_SK,Slovak (Slovakia),,,,,,,,,,,,,,,,,,,,,,,
45,sv_SE,Swedish (Sweden),,,,,,,,,,,,,,,,,,,,,,,
46,ta_IN,Indian Tamil,,,,,,,,,,,,,,,,,,,,,,,
47,ta_LK,Sri Lankan Tamil,,,,,,,,,,,,,,,,,,,,,,,
48,th_TH,Thai (Thailand),,,,,,,,,,,,,,,,,,,,,,,
49,tr_TR,Turkish (Turkey),,,,,,,,,,,,,,,,,,,,,,,
50,zh_CN,Chinese (China),,,,,,,,,,,,,,,,,,,,,,,
51,zh_HK,Chinese (Hong Kong),,,,,,,,,,,,,,,,,,,,,,,
52,zh_TW,Chinese (Taiwan),,,,,,,,,,,,,,,,,,,,,,,
,,,,,,,,,,,,,,,,,,,,,,,,,
departments,,,,,,,,,,,,,,,,,,,,,,,,,
id,officer_id,name,deascription,created_at,updated_at,,,,,,,,,,,,,,,,,,,,
"INT UNSIGNED, AUTO_INCREMENT, PRIMARY KEY","BIGINT UNSIGNED, FOEIGN KEY (`officer_id` REFERENCES `users` (`id`) ON DELETE CASCADE","VARCHAR(100), NOT NULL, UNIQUE","TEXT, NOT NULL","TIMESTAMP, NOT NULL, DEFAULT CURRENT_TIMESTAMP","TIMESTAMP, NOT NULL, DEFAULT CURRENT_TIMESTAMP ON UPDATE CURRENT_TIMESTAMP",,,,,,,,,,,,,,,,,,,,
0,4,Legal Department,"Manage legal affairs, ensuring compliance, handling contracts, IP, litigation, and risk management to protect the company from legal risks.",1/1/25 12:00 AM,1/1/25 12:00 AM,,,,,,,,,,,,,,,,,,,,
1,14,Technical Department,"Develops, implements, and maintains tech solutions, focusing on software, hardware, IT infrastructure, and cybersecurity.",1/1/25 12:00 AM,1/1/25 12:00 AM,,,,,,,,,,,,,,,,,,,,
2,27,Operations Department,"Optimize daily processes, logistics, and resource management to ensure smooth business operations, efficiency, and quality.",1/1/25 12:00 AM,1/1/25 12:00 AM,,,,,,,,,,,,,,,,,,,,
3,35,Financial Department,"Oversee budgeting, accounting, payroll, financial reporting, and ensures compliance with financial regulations to maintain the company''s financial health.",1/1/25 12:00 AM,1/1/25 12:00 AM,,,,,,,,,,,,,,,,,,,,
4,42,Marketing Department,"Promote the company''s products/services, manages advertising, market research, and digital strategies to enhance brand visibility.",1/1/25 12:00 AM,1/1/25 12:00 AM,,,,,,,,,,,,,,,,,,,,
5,52,Strategy & Innovation Department,"Define long-term strategy, explores new opportunities, and drives innovation through research, planning, and business development.",1/1/25 12:00 AM,1/1/25 12:00 AM,,,,,,,,,,,,,,,,,,,,
6,59,Human Resources Department,"Handle recruitment, training, performance, employee relations, and benefits to build a productive, aligned workforce.",1/1/25 12:00 AM,1/1/25 12:00 AM,,,,,,,,,,,,,,,,,,,,
7,69,IT Department,"Manage network, data security, software, and provides IT support to ensure smooth operation and efficient tools for employees.",1/1/25 12:00 AM,1/1/25 12:00 AM,,,,,,,,,,,,,,,,,,,,
8,79,Compliance & Risk Department,"Monitor adherence to laws and internal policies, conducts risk assessments, and develops strategies to minimize legal and financial risks.",1/1/25 12:00 AM,1/1/25 12:00 AM,,,,,,,,,,,,,,,,,,,,
,,,,,,,,,,,,,,,,,,,,,,,,,
teams,,,,,,,,,,,,,,,,,,,,,,,,,
id,manager_id,department_id,name,deascription,created_at,updated_at,,,,,,,,,,,,,,,,,,,
"INT UNSIGNED, AUTO_INCREMENT, PRIMARY KEY","BIGINT UNSIGNED, NOT NULL, FOEIGN KEY (`manager_id`) REFERENCES `users` (`id`) ON DELETE CASCADE","INT UNSIGNED, NOT NULL, FOEIGN KEY (`department_id` REFERENCES `department` (`id`) ON DELETE CASCADE","VARCHAR(100), NOT NULL, UNIQUE",TEXT,"TIMESTAMP, NOT NULL, DEFAULT CURRENT_TIMESTAMP","TIMESTAMP, NOT NULL, DEFAULT CURRENT_TIMESTAMP ON UPDATE CURRENT_TIMESTAMP",,,,,,,,,,,,,,,,,,,
0,5,0,copyright team,Protect the company's intellectual property and manages copyright issues.,1/1/25 12:00 AM,1/1/25 12:00 AM,,,,,,,,,,,,,,,,,,,
1,8,0,litigation team,Handle legal disputes and represents the company in court.,1/1/25 12:00 AM,1/1/25 12:00 AM,,,,,,,,,,,,,,,,,,,
2,11,0,compliance team,Ensure company practices align with laws and regulations.,1/1/25 12:00 AM,1/1/25 12:00 AM,,,,,,,,,,,,,,,,,,,
3,15,1,backend development team,"Build and maintains server-side logic, APIs, and database systems.",1/1/25 12:00 AM,1/1/25 12:00 AM,,,,,,,,,,,,,,,,,,,
4,20,1,frontend development team,Design and develops user interfaces for web and mobile platforms.,1/1/25 12:00 AM,1/1/25 12:00 AM,,,,,,,,,,,,,,,,,,,
5,22,1,data science team,Analyze data to support decision-making and build intelligent systems.,1/1/25 12:00 AM,1/1/25 12:00 AM,,,,,,,,,,,,,,,,,,,
6,24,1,security team,Protect systems from cyber threats and ensures data integrity.,1/1/25 12:00 AM,1/1/25 12:00 AM,,,,,,,,,,,,,,,,,,,
7,28,2,logistics team,"Manage supply chains, inventory, and product distribution.",1/1/25 12:00 AM,1/1/25 12:00 AM,,,,,,,,,,,,,,,,,,,
8,31,2,project management team,"Plan, execute, and monitor projects to ensure timely delivery.",1/1/25 12:00 AM,1/1/25 12:00 AM,,,,,,,,,,,,,,,,,,,
9,36,3,accounting team,"Manage financial records, reporting, and ensures compliance with standards.",1/1/25 12:00 AM,1/1/25 12:00 AM,,,,,,,,,,,,,,,,,,,
10,39,3,investment team,Oversee company investments and develops financial growth strategies.,1/1/25 12:00 AM,1/1/25 12:00 AM,,,,,,,,,,,,,,,,,,,
11,43,4,advertisement team,Design ad campaigns to boost brand awareness and product reach.,1/1/25 12:00 AM,1/1/25 12:00 AM,,,,,,,,,,,,,,,,,,,
12,46,4,market research team,Study market trends and consumer needs to guide strategy.,1/1/25 12:00 AM,1/1/25 12:00 AM,,,,,,,,,,,,,,,,,,,
13,49,4,digital marketing team,Promote the brand through digital platforms like social media and SEO.,1/1/25 12:00 AM,1/1/25 12:00 AM,,,,,,,,,,,,,,,,,,,
14,53,5,innovation team,Explore new ideas and technologies to improve products or services.,1/1/25 12:00 AM,1/1/25 12:00 AM,,,,,,,,,,,,,,,,,,,
15,56,5,business development team,Identify growth opportunities and builds strategic partnerships.,1/1/25 12:00 AM,1/1/25 12:00 AM,,,,,,,,,,,,,,,,,,,
16,60,6,recruitment team,"Attract, interview, and hire top talent for the organization.",1/1/25 12:00 AM,1/1/25 12:00 AM,,,,,,,,,,,,,,,,,,,
17,63,6,training team,Develop programs to enhance employee skills and growth.,1/1/25 12:00 AM,1/1/25 12:00 AM,,,,,,,,,,,,,,,,,,,
18,66,6,employee relations team,Manage workplace issues and fosters a positive culture.,1/1/25 12:00 AM,1/1/25 12:00 AM,,,,,,,,,,,,,,,,,,,
19,70,7,network infrastructure team,Design and maintains network systems and hardware.,1/1/25 12:00 AM,1/1/25 12:00 AM,,,,,,,,,,,,,,,,,,,
20,73,7,software development team,Build internal tools and systems to support operations.,1/1/25 12:00 AM,1/1/25 12:00 AM,,,,,,,,,,,,,,,,,,,
21,76,7,it support team,Provide tech support and troubleshooting for all staff.,1/1/25 12:00 AM,1/1/25 12:00 AM,,,,,,,,,,,,,,,,,,,
22,80,8,risk management team,Assess and mitigates business and operational risks.,1/1/25 12:00 AM,1/1/25 12:00 AM,,,,,,,,,,,,,,,,,,,
23,83,8,audit team,Review internal processes to ensure accuracy and legal compliance.,1/1/25 12:00 AM,1/1/25 12:00 AM,,,,,,,,,,,,,,,,,,,
,,,,,,,,,,,,,,,,,,,,,,,,,
roles,,,,,,,,,,,,,,,,,,,,,,,,,
id,name,,,,,,,,,,,,,,,,,,,,,,,,
"INT UNSIGNED, AUTO_INCREMENT, PRIMARY KEY","VARCHAR(20), NOT NULL, UNIQUE",,,,,,,,,,,,,,,,,,,,,,,,
0,chairperson,,,,,,,,,,,,,,,,,,,,,,,,
1,director,,,,,,,,,,,,,,,,,,,,,,,,
2,ceo,,,,,,,,,,,,,,,,,,,,,,,,
3,clo,,,,,,,,,,,,,,,,,,,,,,,,
4,cto,,,,,,,,,,,,,,,,,,,,,,,,
5,coo,,,,,,,,,,,,,,,,,,,,,,,,
6,cfo,,,,,,,,,,,,,,,,,,,,,,,,
7,cmo,,,,,,,,,,,,,,,,,,,,,,,,
8,cso,,,,,,,,,,,,,,,,,,,,,,,,
9,chro,,,,,,,,,,,,,,,,,,,,,,,,
10,cio,,,,,,,,,,,,,,,,,,,,,,,,
11,cco,,,,,,,,,,,,,,,,,,,,,,,,
,,,,,,,,,,,,,,,,,,,,,,,,,
users,,,,,,,,,,,,,,,,,,,,,,,,,
id,username,raw_password,bcrypt_password,first_name,last_name,gender,email,phone,diploma_id,department_id,team_id,role_id,hire_date,salary,currency_id,first_language_id,second_language_id,third_language_id,first_nationality_id,second_nationality_id,status,icon,description,created_at,updated_at
"INT UNSIGNED, AUTO_INCREMENT, PRIMARY KEY","VARCHAR(50), NOT NULL, UNIQUE","VARCHAR(255), NOT NULL","VARCHAR(255), NOT NULL","VARCHAR(50), NOT NULL","VARCHAR(50), NOT NULL","INT UNSIGNED, DEFAULT NULL,  FOEIGN KEY (`gender_id`) REFERENCES `genders` (`id`) ON DELETE CASCADE","VARCHAR(100), UNIQUE","VARCHAR(100), UNIQUE","INT UNSIGNED, DEFAULT NULL FOEIGN KEY (`diploma_id`) REFERENCES `diplomas` (`id`) ON DELETE CASCADE","INT UNSIGNED, DEFAULT NULL,  FOEIGN KEY(`department_id`) REFERENCES `departments` (`id`) ON DELETE CASCADE","INT UNSIGNED, DEFAULT NULL,  FOEIGN KEY(`team_id`) REFERENCES `teams` (`id`) ON DELETE CASCADE","INT UNSIGNED, NOT NULL, DEFAULT employee,  FOEIGN KEY(`role_id`)REFERENCES `roles` (`id`) ON DELETE CASCADE","DATE, NOT NULL,  DEFAULT CURRENT_DATE","DECIMAL(12, 2), NOT NULL, DEFAULT 0.00","INT UNSIGNED, NOT NULL, DEFAULT USD,   FOEIGN KEY(`currency_id`)REFERENCES`currencies`(`id`)ON DELETE CASCADE","INT UNSIGNED, NOT NULL, DEFAULT en_US, FOEIGN KEY(`first_language_id`) REFERENCES `languages` (`id`) ON DELETE CASCADE","INT UNSIGNED, DEFAULT NULL, FOEIGN KEY(`second_language_id`)REFERENCES `languages`(`id`)ON DELETE SET NULL","INT UNSIGNED, DEFAULT NULL, FOEIGN KEY(`third_languages_id`)REFERENCES `languages`(`id`) ON DELETE SET NULL","INT UNSIGNED, DEFAULT NULL, FOEIGN KEY(`first_nationality_id`)REFERENCEAS `nationalities`(`id`)ON DELETE SET NULL","INT UNSIGNED, DEFAULT NULL, FOEIGN KEY(`second_nationlity_id`)REFERENCES `nationalities`(`id`)ON DELETE SET NULL","BOOLEAN, NOT NULL, DEFAULT TRUE","VARCHAR(255),DEFAULT NULL","TEXT, DEFAULT NULL","TIMESTAMP, NOT NULL, DEFAULT CURRENT_TIMESTAMP","TIMESTAMP, NOT NULL, DEFAULT CURRENT_TIMESTAMP ON UPDATE CURRENT_TIMESTAMP"
0,chairperson_caesar,CaesarIsAChairperson@0,$2b$12$rH9e.zA8OSgih7v4QreUrOHJtNBkfjyQN1DrnzOR9qJlP1VyKSARS,caesar,lee,demiboy,caesar_cofounder@cjl.com,12345678900,PhD,null,null,chairperson,"January 1, 2025","$300,000.00 ",USD,zh_TW,en_US,null,TWN,USA,TRUE,null,null,1/1/25 12:00 AM,1/1/25 12:00 AM
1,director_alice,AliceCobuildTheCompany@1,$2b$12$4MuHfjzYWSesQEHPXVwHv.NWtBWGf5BkLqfB34hj4oJDtaYATyL/q,alice,jackson,femail,alice_cofounder@cjl.com,12345678901,PhD,null,null,director,"January 1, 2025","$300,000.00 ",USD,en_US,null,null,USA,null,TRUE,null,null,1/1/25 12:00 AM,1/1/25 12:00 AM
2,director_john,JohnInvestTheCompany@2,$2b$12$5zQPjFSSGJvnl1RLl0GLGeEKL3RYy4D4Nlbtt.fkSxm0SEsdKeUyi,john,lawrence,male,john_investor@cjl.com,5.25512E+11,MBA,null,null,director,"January 1, 2025","$300,000.00 ",MXN,es_MX,en_US,null,MEX,USA,TRUE,null,null,1/1/25 12:00 AM,1/1/25 12:00 AM
3,ceo_caesar,CaesarIsCEO!00,$2b$12$cOaJkI.UtH6c8JGdGQjbaO3tbE7l0PeRYxGzjyAprQkoVyvcAJTv2,caesar,lee,demiboy,caesar_ceo@cjl.com,8.86912E+11,PhD,null,null,ceo,"January 1, 2025","$300,000.00 ",TWD,zn_TW,en_US,null,TWN,USA,TRUE,null,null,1/1/25 12:00 AM,1/1/25 12:00 AM
4,fox_lawyer,SteveLikesMinecraft#2009,$2b$12$W7Ovvzni.3022oRiJmJE8OXyetRY1j.ee9r9ZVTKW4qePWVL3NTzW,fox,washington,genderfluid,fox_lawyer@cjl.com,12345678902,JR,legal,null,clo,"January 2, 2025","$200,000.00 ",USD,en_US,null,null,USA,null,TRUE,null,null,1/2/25 12:00 AM,1/2/25 12:00 AM
5,frank_smith_legal_copyright_manager,frankHaveToBeALawyer!~_~!233,$2b$12$PQCemJZSk837oN3zDlvCBeLKMcYF832ywqQ0gq5s82DoHBqCxPizG,frank,smith,genderqueer,frank_smith_legal_copyright_manager@cjl.com,12345678903,JR,legal,copyright,manager,"January 2, 2025","$150,000.00 ",USD,en_US,null,null,USA,null,TRUE,null,null,1/2/25 12:00 AM,1/2/25 12:00 AM
6,frank_smith_loves_steam,frankWannaPlaySteamF!O@R#E$V%E^R&000,$2b$12$0HiSDI1KM1ZEkmmSo2Gox.FHu9aZZvtWgzusG6ySD4SXeQr73GteK,frank,smith,bigender,frank_smith_lawyer@cjl.com,12345678904,JR,legal,copyright,employee,"January 3, 2025","$150,000.00 ",USD,en_US,null,null,USA,null,TRUE,null,null,1/3/25 12:00 AM,1/3/25 12:00 AM
7,uzumaki_naruto_ninja,narutoUzumakiLovesUzumakiNaruto(520),$2b$12$D/TDCEgDt6xefjumLz2Iou7jqcHn6z7XS6rRIM63I.yBm7p.B8eqq,naruto,uzumaki,intersex,naruto_ninja@cjl.com,8.13123E+11,JR,legal,copyright,employee,"January 2, 2025","$100,000.00 ",JPY,ja_JP,en_US,null,JPN,null,TRUE,null,null,1/2/25 12:00 AM,1/2/25 12:00 AM
8,jessica_bp,jessica@Blink#2023,$2b$12$mLfj06n.oEmLba9bvYD/PemnTx18XCUy/yIzu7a5FZpPymTqCmsym,jessica,lee,demigirl,jessica_blackpink@cjl.com,12345678905,JR,legal,litigation,manager,"January 2, 2025","$120,000.00 ",USD,en_US,ko_KR,null,USA,null,TRUE,null,null,1/2/25 12:00 AM,1/2/25 12:00 AM
9,clark_sm,Clark~superman~2025,$2b$12$8XxQumDVN9zoj9InQJLKoeJ//NJ5tMdCpk0XGBsXQTYehlMk1LBym,clark,smith,male,clark_on_planet_krypton@cjl.com,12345678906,JR,legal,litigation,employee,"January 2, 2025","$100,000.00 ",USD,en_US,null,null,USA,null,TRUE,null,null,1/2/25 12:00 AM,1/2/25 12:00 AM
10,bernard,MarvelBetterDC!!!Until2018!!!,$2b$12$QlbQiE/cRBzsV0S6sPEIb.apRpDp6wtyYjsptXwDFFWrAz9089vUu,james,bernard,male,marvel_worser_2018@cjl.com,12345678907,JR,legal,litigation,employee,"January 3, 2025","$120,000.00 ",USD,en_US,null,null,USA,null,FALSE,null,null,1/3/25 12:00 AM,1/3/25 12:00 AM
11,jennie,Gidle#3@kr,$2b$12$GE6DAJ1tpqQIrsBRwOfDl.AIjtbGCAz7wnyYVuVJIUOCNysIYveaG,jennie,li,femail,jennie_dislike_jennie@cjl.com,12345678908,JR,legal,compliance,manager,"January 3, 2025","$150,000.00 ",USD,en_US,zh_CN,ko_KR,USA,CAN,TRUE,null,null,1/3/25 12:00 AM,1/3/25 12:00 AM
12,lily_neverland,lily_likes_IDLE#2022,$2b$12$enPXm6/0OLD2ZkP6.yU3zuLRAsM05crQcL6FTNjm5VlUUUakWGh.S,lily,park,demigirl,lily_neverland@cjl.com,12345678909,JR,legal,compliance,employee,"January 3, 2025","$150,000.00 ",USD,en_US,null,null,USA,null,TRUE,null,null,1/3/25 12:00 AM,1/3/25 12:00 AM
13,la_lisa,@Lalisa#000,$2b$12$yBFJwiv7SHNyGh1qgL5yZ.efPaXKmHVd2unmLPBsjQ38NCn2aRwIq,lisa,jackson,agender,la_lisa@cjl.com,12345678910,High School,legal,compliance,employee,"January 3, 2025","$120,000.00 ",USD,en_US,ko_KR,null,USA,null,TRUE,null,null,1/3/25 12:00 AM,1/3/25 12:00 AM
14,cto_caesar,CaesarIsCTO!000,$2b$12$RXUS1sGFKxiDWQo6LTiPe.yzdMWz3mE32L2H66iY0Vqgq6mxDBU7m,caesar,lee,demiboy,caesar_cto@cjl.com,12345678911,PhD,technical,null,cto,"January 1, 2025","$300,000.00 ",TWD,zn_TW,en_US,null,TWN,USA,TRUE,null,null,1/1/25 12:00 AM,1/1/25 12:00 AM
15,peter_park_spiderman,peterIs@!spiderman!@22,$2b$12$jiIit1sxiyWsKp1heLaV.ef0Pfxw57MAAe9zI2eRPGm.Nxi8sEvHi,peter,park,male,pp_sm@cjl.com,12345678912,High School,technical,backend development,manager,"January 3, 2025","$200,000.00 ",USD,en_US,null,null,USA,null,TRUE,null,null,1/3/25 12:00 AM,1/3/25 12:00 AM
16,harry_potter,paterDefeatVoldmort!Y2K,$2b$12$YKpHRX.rwjWJRoj9TIRQ9uVnFh72NcPmiRvdh1OKhYofriZBS/dRa,pater,weasley,male,happy_hppw@cjl.com,12345678913,BS,technical,backend development,employee,"January 3, 2025","$200,000.00 ",USD,en_US,null,null,USA,null,TRUE,null,null,1/3/25 12:00 AM,1/3/25 12:00 AM
17,elon_musk,finalAnswerIs:42,$2b$12$Qvw1NHhtCX.8xCYaiMdcle4ikQW/0QEYkHITcIzfHJFveJChz9AZO,elon,musk,male,the_hitchhiker_s_guide_to_the_galaxy@cjl.com,12345678914,PhD,technical,backend development,employee,"January 3, 2025","$300,000.00 ",USD,en_ZA,en_CA,en_US,ZAF,USA,FALSE,null,null,1/3/25 12:00 AM,1/3/25 12:00 AM
18,mark_zuckerberg,metaLlamaSucks#2025,$2b$12$C/lSMFWUqjY0976cX1QxA.MO07gM4fS2pYWxDOkZiWGIx5RIshI3K,mark,zuckerberg,male,mark_zuck@cjl.com,12345678915,PhD,technical,frontend development,manager,"January 3, 2025","$300,000.00 ",USD,en_US,zh_CN,null,USA,null,FALSE,null,null,1/3/25 12:00 AM,1/3/25 12:00 AM
19,jeff,blueOriginBetterSpaceX!2024,$2b$12$EQYuoY8i/7fghcSstsbCo.0qIfHDvbLNHGXTTvTmsZ/uLwt3u1qEK,jeff,bozes,male,jeff_blue_origin@cjl.com,12345678916,BS,technical,frontend development,manager,"January 3, 2025","$300,000.00 ",USD,en_US,null,null,USA,null,FALSE,null,null,1/3/25 12:00 AM,1/3/25 12:00 AM
20,spongebob,SpongeBob@1999,$2b$12$/P5ixX4p3fH6oesB6giDu.SJSs2erYYq8ElxkHq/wesSCKwfqvK06,spongebob,brown,third gender,spongebob@cjl.com,12345678916,BS,technical,frontend development,manager,"January 3, 2025","$250,000.00 ",USD,en_US,null,null,USA,null,TRUE,null,null,1/3/25 12:00 AM,1/3/25 12:00 AM
21,autobot_optimus_prime,OptimusPrime@2025,$2b$12$zhk3ybxteG2LcfLH2XdwZejU5cLpTTp/xCBXEsp/pMwyGYfLNoaca,optimus,prime,third gender,autobot_optimus_prime@cjl.com,12345678917,MS,technical,data science,manager,"January 4, 2025","$250,000.00 ",USD,en_US,null,null,USA,null,FALSE,null,null,1/4/25 12:00 AM,1/4/25 12:00 AM
22,autobot_bumblebee,Bumblebee@2025,$2b$12$C.ByZmrL.1MayU5gnraTUODWNsIyV1hr/YSuhSUxkwhFTPAOtFL5G,bumblebee,jones,third gender,autobot_bumblebee@cjl.com,12345678918,BA,technical,data science,manager,"January 4, 2025","$250,000.00 ",USD,en_US,null,null,USA,null,TRUE,null,null,1/4/25 12:00 AM,1/4/25 12:00 AM
23,autobot_ratchet,Ratchet@2025,$2b$12$KQuY1Fv7UrXYqgwrEIrhVOiMoE0n1C/ZtL.joXMcvy3Cofu3GqbsO,ratchet,miller,third gender,autobot_ratchet@cjl.com,12345678919,BS,technical,data science,employee,"January 4, 2025","$250,000.00 ",USD,en_US,null,null,USA,null,TRUE,null,null,1/4/25 12:00 AM,1/4/25 12:00 AM
24,deception_megatron,Megatron@2025,$2b$12$bEzpxRNzCCug0p9by6t.VuZNEG8IczDBK7pUjZYuCljX5rsuqDWjW,megatron,martinez,third gender,deception_megatron@cjl.com,12345678920,MS,technical,security,manager,"January 4, 2025","$250,000.00 ",USD,en_US,null,null,USA,null,TRUE,null,null,1/4/25 12:00 AM,1/4/25 12:00 AM
25,deception_starscream,Starscream@2025,$2b$12$PmaIjp16SUlr.21ugVK.neAQhnfN/jnsJmgYQdL4kgdhlrv5vUL2O,starscream,starscream,third gender,deception_anderson@cjl.com,12345678921,BA,technical,security,employee,"January 4, 2025","$250,000.00 ",USD,en_US,null,null,USA,null,TRUE,null,null,1/4/25 12:00 AM,1/4/25 12:00 AM
26,deception_shockwave,Shockwave@2025,$2b$12$JFlYOizqyK0AMkmJMXKCiOpNeCIkpsU2TeCK3fVMHDEXQvPZQLw4C,shockwave,moore,third gender,deception_shockwave@cjl.com,12345678922,BA,technical,security,employee,"January 4, 2025","$250,000.00 ",USD,en_US,null,null,USA,null,FALSE,null,null,1/4/25 12:00 AM,1/4/25 12:00 AM
27,x_men_professor_x_coo,ProfessorX@2025,$2b$12$sL7hSJB7TTM51jkVbFEpUuMG13C3W22Ds8eH4vEacAsJmovwP6vEu,charles,xavier,male,charlesxavier@cjl.com,12345678923,MBA,operating,null,coo,"January 4, 2025","$200,000.00 ",USD,en_US,null,null,USA,null,TRUE,null,null,1/4/25 12:00 AM,1/4/25 12:00 AM
28,professor_x_manager,ProfessorX@2025,$2b$12$N5ew.Yyo4Gpw7hsRsCslKuHc3pk369PF01SmoAwvaSjPL7AmVXRme,charles,xavier,male,professorx@cjl.com,4.91511E+12,MBA,operating,logistics,manager,"January 4, 2025","$200,000.00 ",USD,en_US,null,null,USA,null,TRUE,null,null,1/4/25 12:00 AM,1/4/25 12:00 AM
29,mystique,Mystique@2025,$2b$12$skiqizoOc3Frh/cbcy2ybOEyKRG1kTOrLMfVN6fKCZLmKc5/z//VS,raven,Darkhölme,female,mystique@cjl.com,12345678924,Under High School,operating,logistics,employee,"January 4, 2025","$200,000.00 ",USD,en_US,null,null,USA,null,TRUE,null,null,1/4/25 12:00 AM,1/4/25 12:00 AM
30,wolverine,Wolverine@2025,$2b$12$88U68dszOcF31SHPKWh6yOCVu1/DP4a4KR69WjVjxqLklR3eedhke,james,howlett,male,wolverine@cjl.com,12345678925,MA,operating,logistics,employee,"January 4, 2025","$200,000.00 ",USD,en_US,null,null,USA,null,TRUE,null,null,1/4/25 12:00 AM,1/4/25 12:00 AM
31,phoenix,Phoenix@2025,$2b$12$4DQjsUV25xHZtubHM0n9UuWF1pMV7vuxgyV3pryddVkyaYZPr40By,jean,grey,female,phoenix@cjl.com,12345678926,BA,operating,project management,manager,"January 4, 2025","$200,000.00 ",USD,en_US,null,null,USA,null,TRUE,null,null,1/4/25 12:00 AM,1/4/25 12:00 AM
32,beast,Beast@2025,$2b$12$/FCCfP6nNOMB/E1TqqC/MO.u/BsOEa4X8JmwscdLtWJTKOZPAHj6S,henry,mccoy,male,beast@cjl.com,12345678927,BA,operating,project management,employee,"January 4, 2025","$200,000.00 ",USD,en_US,null,null,USA,null,TRUE,null,null,1/4/25 12:00 AM,1/4/25 12:00 AM
33,magneto,Magneto@2025,$2b$12$.W6jSVcW/ARvhiiK5xe//ecYRCSkqY4paxVMPKwdsKz5IeznKI7Ma,max,eisenhardt,male,magneto@cjl.com,12345678928,BA,operating,project management,employee,"January 4, 2025","$200,000.00 ",USD,en_US,null,null,USA,null,TRUE,null,null,1/4/25 12:00 AM,1/4/25 12:00 AM
34,alice_cfo,AliceCobuildTheCompany@1,$2b$12$rstVqLCdNFPus8WmJj3A1uy/pxtqzu/4Gjv3oxieQ.EjcHdxTfLUS,alice,jackson,female,alice_cfo@cjl.com,12345678929,PhD,financial,null,cfo,"January 4, 2025","$300,000.00 ",USD,en_US,null,null,USA,null,FALSE,null,null,1/4/25 12:00 AM,1/4/25 12:00 AM
35,captain_america,CaptainAmerica@2025,$2b$12$DmQOzmjRhno3ZAprWK5yZerxI4hQOO974nRpsrhc0ySc.Wv4Y4IVi,steve,rogers,male,captain_america@cjl.com,12345678930,High School,financial,accounting,manager,"January 4, 2025","$250,000.00 ",USD,en_US,null,null,USA,null,TRUE,null,null,1/4/25 12:00 AM,1/4/25 12:00 AM
36,iron_man,IronMan@2025,$2b$12$BGegCT6ysZYs2c4aH.xyEeSeM2c9H9esxsMsd8Qh.Jeb4Vk883GwC,tony,stack,male,iron_man@cjl.com,12345678931,MS,financial,accounting,manager,"January 4, 2025","$250,000.00 ",USD,en_US,null,null,USA,null,TRUE,null,null,1/4/25 12:00 AM,1/4/25 12:00 AM
37,thor,Thor@2025,$2b$12$w6Tzk5.CpXA959WTQGJRnuoomI1rbbR61I7.7gs4527vkOVf8dLra,thor,thor,male,thor@cjl.com,12345678932,Under High School,financial,accounting,employee,"January 4, 2025","$250,000.00 ",USD,en_US,null,null,USA,null,TRUE,null,null,1/4/25 12:00 AM,1/4/25 12:00 AM
38,black_widow,BlackWidow@2025,$2b$12$H6ffT4i/kwZEO3SOKajfFeW4fK6C4FpxrxbilZ.luGv0M2GM1Oodm,natasha,romanoff,female,black_widow@cjl.com,12345678933,Under High School,financial,accounting,employee,"January 4, 2025","$250,000.00 ",USD,en_US,null,null,USA,null,TRUE,null,null,1/4/25 12:00 AM,1/4/25 12:00 AM
39,yelena_belova,YelenaBelova@2025,$2b$12$M3/nwYA5lVjbuOcNNDW9COqzFh1glUyWgPLxbbdRk4w3rtC871j0y,yelena,belova,female,yelena_belova@cjl.com,12345678934,Under High School,financial,investment,manager,"January 4, 2025","$250,000.00 ",USD,en_US,null,null,USA,null,TRUE,null,null,1/4/25 12:00 AM,1/4/25 12:00 AM
40,bucky_barnes,BuckyBarnes@2025,$2b$12$JxXVlyYMKOM3NHlR7EOIWOrBHdfuTgOq372nVc6FH8xg3QVuR5ld6,bucky,barnes,male,bucky_barnes@cjl.com,12345678935,BS,financial,investment,employee,"January 4, 2025","$250,000.00 ",USD,en_US,null,null,USA,null,TRUE,null,null,1/4/25 12:00 AM,1/4/25 12:00 AM
41,hulk,Hulk@2025,$2b$12$.icyPyFDdjhiDNMqhsaHquoBCbKUFd9BO6tfS/uxflEWGqWAAo80S,bruce,banner,bigender,bruce_banner@cjl.com,12345678936,PhD,financial,investment,employee,"January 4, 2025","$250,000.00 ",USD,en_US,null,null,USA,null,TRUE,null,null,1/4/25 12:00 AM,1/4/25 12:00 AM
42,wanda_maximoff,Wanda@2025,$2b$12$djxysZ5Dj96xQIklP0.ccOO5rT3nKawTESMY9OrU02K9CPt73wYie,wanda,maximoff,female,wanda_maximoff@cjl.com,12345678937,BA,marketing,null,cmo,"January 4, 2025","$300,000.00 ",USD,en_US,null,null,USA,null,TRUE,null,null,1/4/25 12:00 AM,1/4/25 12:00 AM
43,vision,Vision@2025,$2b$12$yvLfx/7nAkIkYOAnqQiE5O8WpOHYH77oHLd/.f8CFnu1n7USK8/1q,vision,vision,agender,vision@cjl.com,12345678938,BS,marketing,advertisement,manager,"January 4, 2025","$300,000.00 ",USD,en_US,null,null,USA,null,TRUE,null,null,1/4/25 12:00 AM,1/4/25 12:00 AM
44,falcon,Falcon@2025,$2b$12$ZAtvCEnVNZIuN/6J9zlg4OcjFW0bU6wBkZgntJym7q1R9s.HNUjXq,sam,wilson,male,falcon@cjl.com,12345678939,BEng,marketing,advertisement,employee,"January 4, 2025","$300,000.00 ",USD,en_US,null,null,USA,null,TRUE,null,null,1/4/25 12:00 AM,1/4/25 12:00 AM
45,spider_man,SpiderMan@2025,$2b$12$FlqdmEz5fFhBK4jRYedpKuYVEaqnON9IT4hGkOmpGQmdBZUYuLqlG,peter,parker,male,spider_man@cjl.com,12345678940,Under High School,marketing,advertisement,employee,"January 4, 2025","$300,000.00 ",USD,en_US,null,null,USA,null,TRUE,null,null,1/4/25 12:00 AM,1/4/25 12:00 AM
46,black_panther,BlackPanther@2025,$2b$12$WW/EhXPVQf2deDwdOKemfudJFBaecc21rS2Yq4K9TnnXn/rv5QVYu,t,challa,male,black_panther@cjl.com,12345678941,BA,marketing,market research,manager,"January 4, 2025","$300,000.00 ",USD,en_US,null,null,USA,null,TRUE,null,null,1/4/25 12:00 AM,1/4/25 12:00 AM
47,groot,IAmGroot@2025,$2b$12$bHKL1aRBaqiCcekOEvVJbuccgsMJbgdscYYCbRpzeKmZWumRHEGwS,groot,groot,agender,i_am_groot@cjl.com,12345678942,Under High School,marketing,market research,employee,"January 4, 2025","$300,000.00 ",USD,en_US,null,null,USA,null,TRUE,null,null,1/4/25 12:00 AM,1/4/25 12:00 AM
48,rocket,Rocket@2025,$2b$12$XyqascqmOton9w2pFIjFi.ZXlLUwvLGM1E4JyP1KMCoica7WeGism,rocket,rocket,third gender,rocket@cjl.com,12345678943,Under High School,marketing,market research,employee,"January 4, 2025","$300,000.00 ",USD,en_US,null,null,USA,null,TRUE,null,null,1/4/25 12:00 AM,1/4/25 12:00 AM
49,gamora,Gamora@2025,$2b$12$bdUQOSyLx0mY2KKKAoi8jek.3Wju5STQaPGldcL8cfEaOZQT4nfaa,gamora,gamora,female,rocket@cjl.com,12345678944,BA,marketing,digital market,manager,"January 4, 2025","$300,000.00 ",USD,en_US,null,null,USA,null,TRUE,null,null,1/4/25 12:00 AM,1/4/25 12:00 AM
50,star_lord,StarLord@2025,$2b$12$f1DcZutEQgIWKEjXSIF0SeASLVx9tQ/EeR2m8T4pBG4ZZchj45EOq,peter,quill,male,star_lord@cjl.com,12345678945,BS,marketing,digital market,employee,"January 4, 2025","$300,000.00 ",USD,en_US,null,null,USA,null,TRUE,null,null,1/4/25 12:00 AM,1/4/25 12:00 AM
51,thanos,Thanos@2025,$2b$12$QGWvkxBywUeODe3tApL9GeqNr2Z.Qdq1Y9naJwJmHPsEHW66lOjEO,thanos,thanos,male,thanos@cjl.com,12345678946,BA,marketing,digital market,employee,"January 4, 2025","$300,000.00 ",USD,en_US,null,null,USA,null,TRUE,null,null,1/4/25 12:00 AM,1/4/25 12:00 AM
52,eren_yeager,ErenYeager@2025,$2b$12$tvd93mqLhAbYl6c20VxtIOGNjjSQYrq/S8MdfEIVCsyNaKimReBDO,eren,yeager,male,eren_yeager@cjl.com,12345678947,BS,strategy & innovation,null,cso,"January 5, 2025","$300,000.00 ",JPY,ja_JP,en_US,null,JPN,null,TRUE,null,null,1/5/25 12:00 AM,1/5/25 12:00 AM
53,mikasa_ackerman,MikasaAckerman@2025,$2b$12$cFrajuXW1DFcZrfKx/K3yOczl/cPgN5cxzKqrJ3MeArJAOwNawJZ6,mikasa,ackerman,female,mikasa_ackerman@cjl.com,12345678948,BS,strategy & innovation,innovation,manager,"January 5, 2025","$300,000.00 ",JPY,ja_JP,en_US,null,JPN,null,TRUE,null,null,1/5/25 12:00 AM,1/5/25 12:00 AM
54,armin_arlert,ArminArlert@2025,$2b$12$8vnkqZS460GDsOlW0IGy.eJrXZsZVNGRR2Hiu5l3AQEjSssInRhNq,armin,arlert,male,armin_arlert@cjl.com,12345678949,BS,strategy & innovation,innovation,employee,"January 5, 2025","$300,000.00 ",JPY,ja_JP,en_US,null,JPN,null,TRUE,null,null,1/5/25 12:00 AM,1/5/25 12:00 AM
55,reiner_braun,ReinerBraun@2025,$2b$12$4z7IAroEZe8EMXVVF2nJR.9lFFWtAXIfQ60nTmD3ysHEc8r8Au.AC,reiner,braun,male,reiner_braun@cjl.com,12345678950,BS,strategy & innovation,innovation,employee,"January 5, 2025","$300,000.00 ",JPY,ja_JP,en_US,null,JPN,null,TRUE,null,null,1/5/25 12:00 AM,1/5/25 12:00 AM
56,berthold_hoover,BertholdtHoover@2025,$2b$12$iF9nkzYAlrn0Fk3YEojnA.aCkcYY/r7l4iTCJ8b7MN3h33oU8pVGW,berthold,hoover,male,berthold_hoover@cjl.com,12345678951,BS,strategy & innovation,business development,manager,"January 5, 2025","$300,000.00 ",JPY,ja_JP,en_US,null,JPN,null,TRUE,null,null,1/5/25 12:00 AM,1/5/25 12:00 AM
57,annie_leonhart,AnnieLeonhart@2025,$2b$12$mHmJR4oBHp9nc8dH3PGFkOvsjvtJW/1wAXazedkRLdRQHIw7BxTTq,annie,leonhart,female,annie_leonhart@cjl.com,12345678952,BS,strategy & innovation,business development,employee,"January 5, 2025","$300,000.00 ",JPY,ja_JP,en_US,null,JPN,null,TRUE,null,null,1/5/25 12:00 AM,1/5/25 12:00 AM
58,connie_springer,ConnieSpringer@2025,$2b$12$YpyA7pzsySdTvXbB41ISWea2R6dRIt93685P9BVhad4cKKPQ4C7Am,connie,springer,male,connie_springer@cjl.com,12345678953,MA,strategy & innovation,business development,employee,"January 5, 2025","$300,000.00 ",JPY,ja_JP,en_US,null,JPN,null,TRUE,null,null,1/5/25 12:00 AM,1/5/25 12:00 AM
59,sasha_blouse,SashaBlouse@2025,$2b$12$TQahxBJVM0kxukjn/JJpDOZa3tTWwjD9.iWuDp2jX37C7vS1il9Zm,sasha,blouse,female,sasha_blouse@cjl.com,12345678954,BS,human resources,null,chro,"January 5, 2025","$300,000.00 ",JPY,ja_JP,en_US,null,JPN,null,TRUE,null,null,1/5/25 12:00 AM,1/5/25 12:00 AM
60,historia_reiss,HistoriaReiss@2025,$2b$12$s2liH34KmvxaSWK3czu35.anBqGF3/.N2y4Amn9pdDh5cTFJP0Rdq,historia,reiss,female,historia_reiss@cjl.com,12345678955,BA,human resources,recruitment,manager,"January 5, 2025","$300,000.00 ",JPY,ja_JP,en_US,null,JPN,null,TRUE,null,null,1/5/25 12:00 AM,1/5/25 12:00 AM
61,christa_lenz,ChristaLenz@2025,$2b$12$gtT4RoAUTpFxbFDfpKcgeekRFifNvHIxInD9klvLT4fhJrl0h75U2,christa,lenz,female,christa_lenz@cjl.com,12345678956,BA,human resources,recruitment,employee,"January 5, 2025","$300,000.00 ",JPY,ja_JP,en_US,null,JPN,null,TRUE,null,null,1/5/25 12:00 AM,1/5/25 12:00 AM
62,ymir,ymir@2025,$2b$12$seYW7zIf6LzLMpkpipRuoe3erlh0gwYNCt9FpVSQ9psnRTYtSqo0K,ymir,ymir,female,ymir@cjl.com,12345678957,BS,human resources,recruitment,employee,"January 5, 2025","$300,000.00 ",JPY,ja_JP,en_US,null,JPN,null,TRUE,null,null,1/5/25 12:00 AM,1/5/25 12:00 AM
63,floch_forster,FlochForster@2025,$2b$12$hSh1TxbH4IEco5fqpIfEgOguEzlgV5nSv5S4XCmc9ZhRprZtOTyvK,floch,forster,male,floch_forster@cjl.com,12345678958,BS,human resources,training,manager,"January 5, 2025","$300,000.00 ",JPY,ja_JP,en_US,null,JPN,null,TRUE,null,null,1/5/25 12:00 AM,1/5/25 12:00 AM
64,erwin_smith,ErwinSmith@2025,$2b$12$RnClpE1SecGPpL2YJDXNp.DANFAo9GC8BJl.9Ru3hpwbLpIDpliE6,erwin,smith,male,erwin_smith@cjl.com,12345678959,BS,human resources,training,employee,"January 5, 2025","$300,000.00 ",JPY,ja_JP,en_US,null,JPN,null,TRUE,null,null,1/5/25 12:00 AM,1/5/25 12:00 AM
65,levi_ackerman,LeviAckerman@2025,$2b$12$GkaAdrtAx3iZVnv8quCZVOm9HP88GH9sPY9SMmoWGtxNtx696zgyW,levi,ackerman,male,levi_ackerman@cjl.com,12345678960,BS,human resources,training,employee,"January 5, 2025","$300,000.00 ",JPY,ja_JP,en_US,null,JPN,null,TRUE,null,null,1/5/25 12:00 AM,1/5/25 12:00 AM
66,hange_zoe,HangeZoe@2025,$2b$12$2xNALeW4zlfOsWJm8XVr4eIwJn7ZKsttY9oiaZRctsPkWIlqXu09m,hange,zoe,agender,hange_zoe@cjl.com,12345678961,BS,human resources,employee relations,manager,"January 5, 2025","$300,000.00 ",JPY,ja_JP,en_US,null,JPN,null,TRUE,null,null,1/5/25 12:00 AM,1/5/25 12:00 AM
67,marlo_fredenburg,MarloFredenburg@2025,$2b$12$8BbdwiVNiOR/5iEB/9VLi.aOZ.cPVzmzRf.641SPJ98GER.XpedO.,marlo,fredenburg,male,marlo_fredenburg@cjl.com,12345678962,BS,human resources,employee relations,employee,"January 5, 2025","$300,000.00 ",JPY,ja_JP,en_US,null,JPN,null,TRUE,null,null,1/5/25 12:00 AM,1/5/25 12:00 AM
68,hitch_dreyse,HitchDreyse@2025,$2b$12$q0XGYaR4EzFxiZfVIGnSR.QKUNltsgs4OyyvgxkSMRHAcXLcGsVu2,hitch,dreyse,male,hitch_dreyse@cjl.com,12345678963,BS,human resources,employee relations,employee,"January 5, 2025","$300,000.00 ",JPY,ja_JP,en_US,null,JPN,null,TRUE,null,null,1/5/25 12:00 AM,1/5/25 12:00 AM
69,ymir_fritz,YmirFritz@2025,$2b$12$Y5pmyXuClJAsU32X4k8S7.ZM73K1.VhyvY1m7nWuc4IWUSW0yEDYG,ymir,fritz,female,ymir_fritz@cjl.com,12345678964,Under High School,IT,null,cio,"January 5, 2025","$300,000.00 ",JPY,ja_JP,en_US,null,JPN,null,TRUE,null,null,1/5/25 12:00 AM,1/5/25 12:00 AM
70,maria_fritz,MariaFritz@2025,$2b$12$kpjmFJnuN4xXGibmJBLAPuJBlOxZpg2TStAythCI1pxWsF7wyQ7f.,maria,fritz,female,maria_fritz@cjl.com,12345678965,Under High School,IT,network infrastructure,manager,"January 5, 2025","$300,000.00 ",JPY,ja_JP,en_US,null,JPN,null,TRUE,null,null,1/5/25 12:00 AM,1/5/25 12:00 AM
71,rose_fritz,RoseFritz@2025,$2b$12$0yD4dgYep9U8SokGElPUx.7EGYrj2ozrmpQI.8bcrlwxxB3/ziDiq,rose,fritz,female,rose_fritz@cjl.com,12345678966,Under High School,IT,network infrastructure,employee,"January 5, 2025","$300,000.00 ",JPY,ja_JP,en_US,null,JPN,null,TRUE,null,null,1/5/25 12:00 AM,1/5/25 12:00 AM
72,sina_fritz,SinaFritz@2025,$2b$12$6.wsks4VCm/MiGrwtMhKqunvid7r97UsojXIoGTcMiFneYq0lLHGy,sina,fritz,female,sina_fritz@cjl.com,12345678967,Under High School,IT,network infrastructure,employee,"January 5, 2025","$300,000.00 ",JPY,ja_JP,en_US,null,JPN,null,TRUE,null,null,1/5/25 12:00 AM,1/5/25 12:00 AM
73,grisha_yeager,GrishaYeager@2025,$2b$12$RDOtgJkTsO2K7F.EQbOOOumP6Oyu8agCFMBdsrVtkjzIf0duQmjjO,grisha,yeager,female,grisha_yeager@cjl.com,12345678968,High School,IT,software development,manager,"January 5, 2025","$300,000.00 ",JPY,ja_JP,en_US,null,JPN,null,TRUE,null,null,1/5/25 12:00 AM,1/5/25 12:00 AM
74,carla_yeager,CarlaYeager@2025,$2b$12$IWPCYgfbc1KapNhbjhxshu2qWcgf4PuAneYVZoqGGc6oxVTEZq7Rq,carla,yeager,female,carla_yeager@cjl.com,12345678969,High School,IT,software development,employee,"January 5, 2025","$300,000.00 ",JPY,ja_JP,en_US,null,JPN,null,TRUE,null,null,1/5/25 12:00 AM,1/5/25 12:00 AM
75,zeka_yeager,ZekaYeager@2025,$2b$12$N36Da0ZZah3y9lR6XbCCJOzFVe9oLh/.iaKshCP76gkxvFFRinch2,zeka,yeager,male,zeka_yeager@cjl.com,12345678970,BS,IT,software development,employee,"January 5, 2025","$300,000.00 ",JPY,ja_JP,en_US,null,JPN,null,TRUE,null,null,1/5/25 12:00 AM,1/5/25 12:00 AM
76,pieck_finger,PieckFinger@2025,$2b$12$xIPB3YMuXOTM/xyUlZlmCuguM4MA4uzqKduRkLWNGHFyymNJUP7zS,pieck,finger,female,pieck_finger@cjl.com,12345678971,BS,IT,IT support,manager,"January 5, 2025","$300,000.00 ",JPY,ja_JP,en_US,null,JPN,null,TRUE,null,null,1/5/25 12:00 AM,1/5/25 12:00 AM
77,gabi_braun,GabiBraun@2025,$2b$12$oQ.Epx0NPCx78Oisz0J1aeIH1ItgsDF9BlQl1XTnvGwteDlenHK0.,gabi,braun,female,gabi_braun@cjl.com,12345678972,BS,IT,IT support,employee,"January 5, 2025","$300,000.00 ",JPY,ja_JP,en_US,null,JPN,null,TRUE,null,null,1/5/25 12:00 AM,1/5/25 12:00 AM
78,falco_grice,FalcoGrice@2025,$2b$12$JQ80rdF0pkgxGNa1B4zEs.rCQu.RBCXFqo3/TIKoNsF6YHtuMk1yK,falco,grice,male,falco_frice@cjl.com,12345678973,BS,IT,IT support,employee,"January 5, 2025","$300,000.00 ",JPY,ja_JP,en_US,null,JPN,null,TRUE,null,null,1/5/25 12:00 AM,1/5/25 12:00 AM
79,yelena_aot,Yelena@2025,$2b$12$3hCFM3B3PESvFz4bB9tfeOzh4dpLCtGtuIFkenLo2yNskbApMQRw2,yelena,yelena,female,yelena_aot@cjl.com,12345678974,BS,compliance & risk,null,cco,"January 5, 2025","$300,000.00 ",JPY,ja_JP,en_US,null,JPN,null,TRUE,null,null,1/5/25 12:00 AM,1/5/25 12:00 AM
80,onyankopon,Onyankopon@2025,$2b$12$DkKMwp8gH5iW/QhkY.5h5.MiMycLrWD1JXnhNU6kB9stGDQh7Zzam,onyankopon,onyankopon,male,onyankopon@cjl.com,12345678975,BS,compliance & risk,risk management,manager,"January 5, 2025","$300,000.00 ",JPY,ja_JP,en_US,null,JPN,null,TRUE,null,null,1/5/25 12:00 AM,1/5/25 12:00 AM
81,jessica_jones,JessicaJones@2025,$2b$12$E9P.MMCVc7b8SiXgsGt6sO2x.N.hUNjGpVrPdlTiqbgJ2//WVWpLG,jessica,jones,female,jessica_jones@cjl.com,12345678976,BS,compliance & risk,,employee,"January 5, 2025","$300,000.00 ",USD,en_US,null,null,USA,null,TRUE,null,null,1/5/25 12:00 AM,1/5/25 12:00 AM
82,luke_cage,LukeCage@2025,$2b$12$vfpyLsZ6HYLp.fLU08nCW.gEphmooo1G5Ince9dVIGMD.KdoVRECy,luke,cage,male,luke_cage@cjl.com,12345678977,BS,compliance & risk,,employee,"January 5, 2025","$300,000.00 ",USD,en_US,null,null,USA,null,TRUE,null,null,1/5/25 12:00 AM,1/5/25 12:00 AM
83,patricia_walker,PatriciaWalker@2025,$2b$12$zutR4zvqXUAufL2CFfrw0eOLyawT3Q1p3DEFjrNb6M1Xv5UGaytt.,patricia,walker,female,patricia_walker@cjl.com,12345678978,BS,compliance & risk,audit,manager,"January 5, 2025","$300,000.00 ",USD,en_US,null,null,USA,null,TRUE,null,null,1/5/25 12:00 AM,1/5/25 12:00 AM
84,daredevil,Daredevil@2025,$2b$12$r3eDonEmKdx7oPIy7QBeJ.hdKB/2xQvCZpTyaSQF8Q/thMWEJlFdq,matt,murdock,male,daredevil@cjl.com,12345678979,JR,compliance & risk,audit,employee,"January 5, 2025","$300,000.00 ",USD,en_US,null,null,USA,null,TRUE,null,null,1/5/25 12:00 AM,1/5/25 12:00 AM
85,iron_fist,IronFist@2025,$2b$12$lzOdeIzrsaKt1xI9u7/jMOZF95u1D5NVrTEo/NrVos6T2jpYzbsiu,danny,rand,male,iron_fist@cjl.com,12345678980,BS,compliance & risk,audit,employee,"January 5, 2025","$300,000.00 ",USD,en_US,null,null,USA,null,TRUE,null,null,1/5/25 12:00 AM,1/5/25 12:00 AM
,,,,,,,,,,,,,,,,,,,,,,,,,
file_types,,,,,,,,,,,,,,,,,,,,,,,,,
id,abbreviation,name,,,,,,,,,,,,,,,,,,,,,,,
"INT UNSIGNED, AUTO_INCREMENT, PRIMARY KEY","VARCHAR(10), NOT NULL, UNIQUE","VARCHAR(50), NOT NULL, UNIQUE",,,,,,,,,,,,,,,,,,,,,,,
0,excel,Microsoft Excel,,,,,,,,,,,,,,,,,,,,,,,
1,sheet,Google Sheet,,,,,,,,,,,,,,,,,,,,,,,
2,md,Markdown,,,,,,,,,,,,,,,,,,,,,,,
3,latex,LaTeX,,,,,,,,,,,,,,,,,,,,,,,
4,csv,Comma Separated values,,,,,,,,,,,,,,,,,,,,,,,
5,tsv,Tab Separated Values,,,,,,,,,,,,,,,,,,,,,,,
,,,,,,,,,,,,,,,,,,,,,,,,,
uploads,,,,,,,,,,,,,,,,,,,,,,,,,
id,user_id,file_type_id,created_at,,,,,,,,,,,,,,,,,,,,,,
"BIGINT UNSIGNED, AUTO_INCREMENT, PRIMARY KEY","BIGINT UNSIGNED, NOT NULL, FOEIGN KEY (`user_id`) REFERENCES `users` (`id`) ON DELETE CASCADE","INT UNSIGNED, NOT NULL, ROEIGN KEY (`file_type_id`) REFERENCES `file_types` (`id`) ON DELETE CASCADE","TIMESTAMP, NOT NULL, DEFAULT CURRENT_TIMESTAMP",,,,,,,,,,,,,,,,,,,,,,
,,,,,,,,,,,,,,,,,,,,,,,,,
reports,,,,,,,,,,,,,,,,,,,,,,,,,
id,user_id,file_type_id,created_at,,,,,,,,,,,,,,,,,,,,,,
"BIGINT UNSIGNED, AUTO_INCREMENT, PRIMARY KEY","BIGINT UNSIGNED, NOT NULL, FOEIGN KEY (`user_id`) REFERENCES `users` (`id`) ON DELETE CASCADE","INT UNSIGNED, NOT NULL, ROEIGN KEY (`file_type_id`) REFERENCES `file_types` (`id`) ON DELETE CASCADE","TIMESTAMP, NOT NULL, DEFAULT CURRENT_TIMESTAMP",,,,,,,,,,,,,,,,,,,,,,
,,,,,,,,,,,,,,,,,,,,,,,,,
request_types,,,,,,,,,,,,,,,,,,,,,,,,,
id,type,,,,,,,,,,,,,,,,,,,,,,,,
"INT UNSIGNED, AUTO_INCREMENT, PRIMARY KEY",VARCHAR(50) NOT NULL UNIQUE,,,,,,,,,,,,,,,,,,,,,,,,
0,promotion,,,,,,,,,,,,,,,,,,,,,,,,
1,salary_increase,,,,,,,,,,,,,,,,,,,,,,,,
2,quit,,,,,,,,,,,,,,,,,,,,,,,,
3,change_depaertment,,,,,,,,,,,,,,,,,,,,,,,,
4,change_team,,,,,,,,,,,,,,,,,,,,,,,,
5,create_department,,,,,,,,,,,,,,,,,,,,,,,,
6,create_team,,,,,,,,,,,,,,,,,,,,,,,,
7,leave,,,,,,,,,,,,,,,,,,,,,,,,
8,personal_leave,,,,,,,,,,,,,,,,,,,,,,,,
9,sick_leave,,,,,,,,,,,,,,,,,,,,,,,,
10,annual_leave,,,,,,,,,,,,,,,,,,,,,,,,
11,maternity_leave,,,,,,,,,,,,,,,,,,,,,,,,
12,paternity_leave,,,,,,,,,,,,,,,,,,,,,,,,
13,official_leave,,,,,,,,,,,,,,,,,,,,,,,,
14,funeral_leave,,,,,,,,,,,,,,,,,,,,,,,,
15,menstrual_leave,,,,,,,,,,,,,,,,,,,,,,,,
16,marriage_leave,,,,,,,,,,,,,,,,,,,,,,,,
17,unpaid_leave,,,,,,,,,,,,,,,,,,,,,,,,
18,paid_leave,,,,,,,,,,,,,,,,,,,,,,,,
19,parental_leave,,,,,,,,,,,,,,,,,,,,,,,,
20,temporary_break,,,,,,,,,,,,,,,,,,,,,,,,
21,work_overtime,,,,,,,,,,,,,,,,,,,,,,,,
22,negotiate,,,,,,,,,,,,,,,,,,,,,,,,
23,meeting,,,,,,,,,,,,,,,,,,,,,,,,
,,,,,,,,,,,,,,,,,,,,,,,,,
request_statuses,,,,,,,,,,,,,,,,,,,,,,,,,
id,type,,,,,,,,,,,,,,,,,,,,,,,,
"INT UNSIGNED, AUTO_INCREMENT, PRIMARY KEY",VARCHAR(50) NOT NULL UNIQUE,,,,,,,,,,,,,,,,,,,,,,,,
0,pending,,,,,,,,,,,,,,,,,,,,,,,,
1,approved,,,,,,,,,,,,,,,,,,,,,,,,
2,rejected,,,,,,,,,,,,,,,,,,,,,,,,
3,need_negotiate,,,,,,,,,,,,,,,,,,,,,,,,
,,,,,,,,,,,,,,,,,,,,,,,,,
requests,,,,,,,,,,,,,,,,,,,,,,,,,
id,user_id,type_id,details,status,handler_id,handle_details,created_at,updated_at,,,,,,,,,,,,,,,,,
"BIGINT UNSIGNED, AUTO_INCREMENT, PRIMARY KEY","BIGINT UNSIGNED, NOT NULL, FOEIGN KEY (`user_id`) REFERENCES `users` (`id`) ON DELETE CASCADE","INT UNSIGNED, NOT NULL, FOREIGN KEY (`type_id`) REFERENCES `request_types` (`id`) ON DELETE CASCADE",TEXT DEFAULT NULL,"INT UNSIGNED, DEFAULT 0, FOREIGN KEY(`status_id`) REFERENCES `request_statuses` (`id`) ON DELETE CASCADE","BIGINT UNSIGNED, NOT NULL,FOREIGN KEY (`handler_id`) REFERENCES `users` (`id`) ON DELETE CASCADE","TEXT, DEFAULT NULL","TIMESTAMP, NOT NULL, DEFAULT CURRENT_TIMESTAMP","TIMESTAMP, NOT NULL, DEFAULT CURRENT_TIMESTAMP ON UPDATE CURRENT_TIMESTAMP",,,,,,,,,,,,,,,,,
,,,,,,,,,,,,,,,,,,,,,,,,,
messages,,,,,,,,,,,,,,,,,,,,,,,,,
id,sender_id,receiver_id,title,content,is_read,created_at,,,,,,,,,,,,,,,,,,,
"BIGINT UNSIGNED, AUTO_INCREMENT, PRIMARY KEY","BIGINT UNSIGNED, NOT NULL, FOEIGN KEY (`sender_id`) REFERENCES `users` (`id`) ON DELETE CASCADE","BIGINT UNSIGNED, NOT NULL, FOREIGN KEY (`receiver_id`) REFERENCES `users` (`id`) ON DELETE CASCADE","VARCHAR(50), NOT NULL","TEXT, DEFAULT NULL","BOOLEAN, NOT NULL, DEFAULT FALSE","TIMESTAMP, NOT NULL, DEFAULT CURRENT_TIMESTAMP",,,,,,,,,,,,,,,,,,,
,,,,,,,,,,,,,,,,,,,,,,,,,
log_types,,,,,,,,,,,,,,,,,,,,,,,,,
id,type,,,,,,,,,,,,,,,,,,,,,,,,
"INT UNSIGNED, AUTO_INCREMENT, PRIMARY KEY","VARCHAR(50), NOT NULL, UNIQUE",,,,,,,,,,,,,,,,,,,,,,,,
0,register,,,,,,,,,,,,,,,,,,,,,,,,
1,login,,,,,,,,,,,,,,,,,,,,,,,,
2,logout,,,,,,,,,,,,,,,,,,,,,,,,
3,reset_password,,,,,,,,,,,,,,,,,,,,,,,,
4,update_info,,,,,,,,,,,,,,,,,,,,,,,,
5,view_info,,,,,,,,,,,,,,,,,,,,,,,,
6,report_data,,,,,,,,,,,,,,,,,,,,,,,,
7,upload_data,,,,,,,,,,,,,,,,,,,,,,,,
8,create_department,,,,,,,,,,,,,,,,,,,,,,,,
9,update_department,,,,,,,,,,,,,,,,,,,,,,,,
10,delete_department,,,,,,,,,,,,,,,,,,,,,,,,
11,create_team,,,,,,,,,,,,,,,,,,,,,,,,
12,update_team,,,,,,,,,,,,,,,,,,,,,,,,
13,delete_team,,,,,,,,,,,,,,,,,,,,,,,,
14,create_role,,,,,,,,,,,,,,,,,,,,,,,,
15,update_role,,,,,,,,,,,,,,,,,,,,,,,,
16,delete_role,,,,,,,,,,,,,,,,,,,,,,,,
17,update_user,,,,,,,,,,,,,,,,,,,,,,,,
18,delete_user,,,,,,,,,,,,,,,,,,,,,,,,
19,create_skill,,,,,,,,,,,,,,,,,,,,,,,,
20,update_skill,,,,,,,,,,,,,,,,,,,,,,,,
21,delete_skill,,,,,,,,,,,,,,,,,,,,,,,,
22,send_request,,,,,,,,,,,,,,,,,,,,,,,,
23,view_request,,,,,,,,,,,,,,,,,,,,,,,,
24,approve_request,,,,,,,,,,,,,,,,,,,,,,,,
25,reject_request,,,,,,,,,,,,,,,,,,,,,,,,
26,sned_message,,,,,,,,,,,,,,,,,,,,,,,,
27,read_message,,,,,,,,,,,,,,,,,,,,,,,,
,,,,,,,,,,,,,,,,,,,,,,,,,
logs,,,,,,,,,,,,,,,,,,,,,,,,,
id,user_id,type,details,created_at,,,,,,,,,,,,,,,,,,,,,
"BIGINT UNSIGNED, AUTO_INCREMENT, PRIMARY KEY","BIGINT UNSIGNED, NOT NULL, FOEIGN KEY (`user_id`) REFERENCES `users` (`id`) ON DELETE CASCADE","INT UNSIGNED, NOT NULL, FOREIGN KEY (`type`) REFERENCES `log_types` (`type`) ON DELETE CASCADE","TEXT, DEFAULT NULL","TIMESTAMP, NOT NULL, DEFAULT CURRENT_TIMESTAMP",,,,,,,,,,,,,,,,,,,,,
